-- MySQL dump 10.13  Distrib 8.0.46, for Win64 (x86_64)
--
-- Host: anblicks-employee360-mysql.mysql.database.azure.com    Database: railway
-- ------------------------------------------------------
-- Server version	8.4.8-azure

/*!40101 SET @OLD_CHARACTER_SET_CLIENT=@@CHARACTER_SET_CLIENT */;
/*!40101 SET @OLD_CHARACTER_SET_RESULTS=@@CHARACTER_SET_RESULTS */;
/*!40101 SET @OLD_COLLATION_CONNECTION=@@COLLATION_CONNECTION */;
/*!50503 SET NAMES utf8 */;
/*!40103 SET @OLD_TIME_ZONE=@@TIME_ZONE */;
/*!40103 SET TIME_ZONE='+00:00' */;
/*!40014 SET @OLD_UNIQUE_CHECKS=@@UNIQUE_CHECKS, UNIQUE_CHECKS=0 */;
/*!40014 SET @OLD_FOREIGN_KEY_CHECKS=@@FOREIGN_KEY_CHECKS, FOREIGN_KEY_CHECKS=0 */;
/*!40101 SET @OLD_SQL_MODE=@@SQL_MODE, SQL_MODE='NO_AUTO_VALUE_ON_ZERO' */;
/*!40111 SET @OLD_SQL_NOTES=@@SQL_NOTES, SQL_NOTES=0 */;

--
-- Table structure for table `certification_requests`
--

DROP TABLE IF EXISTS `certification_requests`;
/*!40101 SET @saved_cs_client     = @@character_set_client */;
/*!50503 SET character_set_client = utf8mb4 */;
CREATE TABLE `certification_requests` (
  `RequestID` int NOT NULL AUTO_INCREMENT,
  `EmployeeID` varchar(10) NOT NULL,
  `CertificationName` varchar(150) NOT NULL,
  `CertificateLink` varchar(1000) DEFAULT NULL,
  `StoredFileName` varchar(255) DEFAULT NULL,
  `OriginalFileName` varchar(255) DEFAULT NULL,
  `RequestStatus` enum('Pending','Approved','Rejected') NOT NULL DEFAULT 'Pending',
  `RequestedAt` datetime NOT NULL DEFAULT CURRENT_TIMESTAMP,
  `ReviewedAt` datetime DEFAULT NULL,
  `ReviewedBy` varchar(100) DEFAULT NULL,
  `RejectionReason` varchar(255) DEFAULT NULL,
  PRIMARY KEY (`RequestID`),
  KEY `idx_certification_employee` (`EmployeeID`),
  KEY `idx_certification_status` (`RequestStatus`)
) ENGINE=InnoDB AUTO_INCREMENT=2 DEFAULT CHARSET=utf8mb4 COLLATE=utf8mb4_0900_ai_ci;
/*!40101 SET character_set_client = @saved_cs_client */;

--
-- Dumping data for table `certification_requests`
--

LOCK TABLES `certification_requests` WRITE;
/*!40000 ALTER TABLE `certification_requests` DISABLE KEYS */;
INSERT INTO `certification_requests` VALUES (1,'EMP019','Azure Marketing','https://azure.net',NULL,NULL,'Approved','2026-07-17 15:38:07','2026-07-19 02:22:45','fathima@anblicks.com',NULL);
/*!40000 ALTER TABLE `certification_requests` ENABLE KEYS */;
UNLOCK TABLES;

--
-- Table structure for table `hrms_data`
--

DROP TABLE IF EXISTS `hrms_data`;
/*!40101 SET @saved_cs_client     = @@character_set_client */;
/*!50503 SET character_set_client = utf8mb4 */;
CREATE TABLE `hrms_data` (
  `EmployeeID` varchar(10) NOT NULL,
  `EmployeeName` varchar(100) DEFAULT NULL,
  `Email` varchar(100) DEFAULT NULL,
  `Department` varchar(50) DEFAULT NULL,
  `Designation` varchar(50) DEFAULT NULL,
  `BusinessUnit` varchar(50) DEFAULT NULL,
  `Location` varchar(50) DEFAULT NULL,
  `DateOfJoining` date DEFAULT NULL,
  `TotalExperience` decimal(5,2) DEFAULT NULL,
  `ReportingManager` varchar(10) DEFAULT NULL,
  `EmploymentStatus` varchar(20) DEFAULT NULL,
  PRIMARY KEY (`EmployeeID`)
) ENGINE=InnoDB DEFAULT CHARSET=utf8mb4 COLLATE=utf8mb4_0900_ai_ci;
/*!40101 SET character_set_client = @saved_cs_client */;

--
-- Dumping data for table `hrms_data`
--

LOCK TABLES `hrms_data` WRITE;
/*!40000 ALTER TABLE `hrms_data` DISABLE KEYS */;
INSERT INTO `hrms_data` VALUES ('EMP001','Ajay Rao','ajay.rao@anblicks.com','Engineering','Lead Engineer','Presales','Bengaluru','2018-10-13',11.30,'EMP088','Active'),('EMP002','Chandra Reddy','chandra.reddy@anblicks.com','Project Management','Program Manager','Delivery','Hyderabad','2018-07-11',4.10,'EMP066','Active'),('EMP003','Saritha Patel','saritha.patel@anblicks.com','Marketing','Brand Manager','Presales','Mumbai','2021-04-21',4.90,'EMP001','Active'),('EMP004','Suresh Rajan','suresh.rajan@anblicks.com','Finance','Finance Manager','Sales','Bengaluru','2019-03-17',14.40,'EMP045','Active'),('EMP005','Ganesh Rao','ganesh.rao@anblicks.com','HR','Talent Acquisition Specialist','HR','Chennai','2022-07-11',1.60,'EMP060','Active'),('EMP006','Ganesh Reddy','ganesh.reddy@anblicks.com','Marketing','Marketing Manager','Technology','Pune','2021-06-20',13.40,'EMP048','Active'),('EMP007','Anusha Reddy','anusha.reddy@anblicks.com','Engineering','Senior Software Engineer','Technology','Chennai','2018-06-13',13.00,'EMP014','Active'),('EMP008','Geeta Murthy','geeta.murthy@anblicks.com','HR','HR Manager','Sales','Chennai','2019-03-06',10.40,'EMP091','Inactive'),('EMP009','Bhavana Reddy','bhavana.reddy@anblicks.com','Project Management','Project Manager','HR','Pune','2019-05-17',3.30,'EMP050','Active'),('EMP010','Ajay Rajan','ajay.rajan@anblicks.com','Marketing','Content Specialist','Finance','Chennai','2022-09-23',11.80,'EMP008','Active'),('EMP011','Rohit Subramaniam','rohit.subramaniam@anblicks.com','HR','HRBP','Sales','Hyderabad','2019-03-09',13.80,'EMP074','Active'),('EMP012','Harish Patel','harish.patel@anblicks.com','Sales','Business Development Manager','Finance','Mumbai','2018-10-20',4.70,'EMP033','Active'),('EMP013','Chandra Iyer','chandra.iyer@anblicks.com','Project Management','Program Manager','HR','Mumbai','2020-01-12',4.10,'EMP019','Active'),('EMP014','Anita Venkatesh','anita.venkatesh@anblicks.com','Engineering','Software Engineer','Presales','Pune','2018-11-24',12.10,'EMP056','Active'),('EMP015','Ganesh Mehta','ganesh.mehta@anblicks.com','Project Management','Program Manager','HR','Chennai','2023-06-12',8.70,'EMP002','Active'),('EMP016','Meera Naidu','meera.naidu@anblicks.com','Marketing','Marketing Manager','Technology','Pune','2019-11-28',2.60,'EMP057','Active'),('EMP017','Aarav Krishnan','aarav.krishnan@anblicks.com','Strategy & Architecture','Principal Architect','Technology','Bengaluru','2020-11-05',13.80,'EMP082','Active'),('EMP018','Ajay Mishra','ajay.mishra@anblicks.com','Project Management','Project Manager','Presales','Chennai','2022-04-11',3.30,'EMP069','Inactive'),('EMP019','Jeevan Bhargav','Jeevan.Bhargav@anblicks.com','Sales','Sales Executive','Delivery','Chennai','2022-12-05',14.80,'EMP041','Active'),('EMP020','Kavya Mohan','kavya.mohan@anblicks.com','Project Management','Project Coordinator','Delivery','Pune','2020-09-22',12.40,'EMP099','Active'),('EMP021','Arjun Singh','arjun.singh@anblicks.com','Sales','VP Sales','Presales','Chennai','2020-12-16',13.20,'EMP056','Inactive'),('EMP022','Roohi Mohammad','Roohi.Mohammad@anblicks.com','Digital Transformation','Associate Director','Marketing','Pune','2021-08-23',6.20,'EMP068','Active'),('EMP023','Kavya Verma','kavya.verma@anblicks.com','Data & Analytics','Data Engineer','Delivery','Delhi','2021-02-08',4.20,'EMP030','Active'),('EMP024','Anusha Murthy','anusha.murthy@anblicks.com','Engineering','Senior Software Engineer','Delivery','Hyderabad','2022-10-27',5.60,'EMP067','Active'),('EMP025','Sagar Das','sagar.das@anblicks.com','Digital Transformation','Transformation Lead','Presales','Pune','2023-03-31',13.40,'EMP075','Active'),('EMP026','Venkat Subramaniam','venkat.subramaniam@anblicks.com','Finance','Senior Finance Analyst','Delivery','Hyderabad','2021-09-11',7.00,'EMP056','Active'),('EMP027','Girish Sharma','girish.sharma@anblicks.com','Data & Analytics','Data Analyst','Marketing','Pune','2019-11-26',12.20,'EMP014','Active'),('EMP028','Rahul Tiwari','rahul.tiwari@anblicks.com','Sales','Account Manager','Marketing','Bengaluru','2019-07-25',7.50,'EMP010','Active'),('EMP029','Saritha Rao','saritha.rao@anblicks.com','Engineering','Engineering Manager','Technology','Hyderabad','2023-06-08',2.30,'EMP098','Active'),('EMP030','Suresh Shah','suresh.shah@anblicks.com','Sales','Business Development Manager','Presales','Remote','2020-04-01',13.60,'EMP022','Active'),('EMP031','Ganesh Iyer','ganesh.iyer@anblicks.com','Sales','Sales Manager','Marketing','Pune','2023-05-15',11.20,'EMP073','Active'),('EMP032','Sunita Singh','sunita.singh@anblicks.com','Digital Transformation','Associate Director','Presales','Hyderabad','2021-04-01',11.30,'EMP008','Active'),('EMP033','Sneha Sharma','sneha.sharma@anblicks.com','Project Management','Program Manager','HR','Remote','2020-12-23',3.20,'EMP067','Active'),('EMP034','Lakshmi Reddy','lakshmi.reddy@anblicks.com','Project Management','Project Coordinator','Finance','Remote','2019-04-27',6.70,'EMP074','Active'),('EMP035','Prasad Sharma','prasad.sharma@anblicks.com','Project Management','Project Coordinator','Marketing','Pune','2021-04-10',8.90,'EMP042','Inactive'),('EMP036','Pooja Naidu','pooja.naidu@anblicks.com','HR','HR Manager','Sales','Mumbai','2018-09-26',10.40,'EMP040','Active'),('EMP037','Dinesh Shetty','dinesh.shetty@anblicks.com','Data & Analytics','Data Analyst','Marketing','Delhi','2021-02-27',14.90,'EMP010','Active'),('EMP038','Pavan Iyer','pavan.iyer@anblicks.com','Cloud Infrastructure','DevOps Engineer','Delivery','Bengaluru','2020-01-27',5.00,'EMP058','Active'),('EMP039','Anusha Pillai','anusha.pillai@anblicks.com','Project Management','PMO Lead','Delivery','Pune','2022-08-01',8.80,'EMP086','Active'),('EMP040','Arjun Iyer','arjun.iyer@anblicks.com','Data & Analytics','Data Analyst','Finance','Delhi','2018-11-15',4.80,'EMP079','Active'),('EMP041','Rekha Patel','rekha.patel@anblicks.com','Strategy & Architecture','Principal Architect','Marketing','Chennai','2023-01-29',13.70,'EMP007','Active'),('EMP042','Usha Balachandran','usha.balachandran@anblicks.com','Strategy & Architecture','Business Analyst','Delivery','Chennai','2022-04-29',2.80,'EMP034','Active'),('EMP043','Naresh Tiwari','naresh.tiwari@anblicks.com','Finance','CFO','Delivery','Hyderabad','2018-06-04',14.20,'EMP090','Inactive'),('EMP044','Chandra Sharma','chandra.sharma@anblicks.com','HR','HR Director','HR','Bengaluru','2020-05-30',2.80,'EMP040','Active'),('EMP045','Rohit Mohan','rohit.mohan@anblicks.com','HR','HR Manager','Finance','Bengaluru','2021-09-27',2.40,'EMP073','Active'),('EMP046','Srinivas Dubey','srinivas.dubey@anblicks.com','Cloud Infrastructure','Senior Cloud Engineer','Technology','Bengaluru','2023-06-23',12.20,'EMP023','Active'),('EMP047','Priya Nair','priya.nair@anblicks.com','HR','HRBP','Technology','Pune','2022-11-05',11.30,'EMP032','Active'),('EMP048','Naveen Rao','naveen.rao@anblicks.com','Finance','Finance Analyst','Technology','Mumbai','2019-04-01',3.80,'EMP060','Active'),('EMP049','Anil Verma','anil.verma@anblicks.com','Engineering','Senior Software Engineer','Marketing','Chennai','2019-07-25',13.10,'EMP100','Active'),('EMP050','Bhavana Mishra','bhavana.mishra@anblicks.com','Finance','CFO','Sales','Hyderabad','2018-08-25',13.30,'EMP034','Active'),('EMP051','Deepak Sharma','deepak.sharma@anblicks.com','Data & Analytics','Data Scientist','Marketing','Chennai','2022-02-01',12.00,'EMP057','Active'),('EMP052','Pavan Rao','pavan.rao@anblicks.com','Finance','CFO','Presales','Chennai','2018-04-01',10.90,'EMP001','Active'),('EMP053','Chandra Naidu','chandra.naidu@anblicks.com','Digital Transformation','Associate Director','Marketing','Hyderabad','2023-04-28',10.30,'EMP043','Active'),('EMP054','Sagar Ramesh','sagar.ramesh@anblicks.com','Data & Analytics','Data Engineer','HR','Chennai','2021-09-27',6.70,'EMP052','Active'),('EMP055','Saritha Singh','saritha.singh@anblicks.com','Digital Transformation','Director','Finance','Mumbai','2021-10-19',11.50,'EMP023','Active'),('EMP056','Swathi Mehta','swathi.mehta@anblicks.com','Marketing','Marketing Executive','Sales','Chennai','2019-03-07',7.00,'EMP076','Active'),('EMP057','Harish Bose','harish.bose@anblicks.com','Sales','Business Development Manager','Finance','Bengaluru','2020-11-12',7.60,'EMP096','Active'),('EMP058','Anita Pillai','anita.pillai@anblicks.com','Marketing','CMO','Sales','Hyderabad','2022-08-04',14.30,'EMP031','Active'),('EMP059','Anil Subramaniam','anil.subramaniam@anblicks.com','Digital Transformation','Senior Consultant','Delivery','Hyderabad','2019-05-17',14.80,'EMP080','Active'),('EMP060','Kiran Bose','kiran.bose@anblicks.com','Finance','CFO','Presales','Pune','2021-11-27',6.40,'EMP052','Active'),('EMP061','Bhavana Rajan','bhavana.rajan@anblicks.com','Engineering','Software Engineer','Technology','Mumbai','2019-03-25',3.50,'EMP091','Active'),('EMP062','Sneha Tiwari','sneha.tiwari@anblicks.com','Digital Transformation','Consultant','Marketing','Bengaluru','2022-06-30',7.50,'EMP069','Inactive'),('EMP063','Prasad Gupta','prasad.gupta@anblicks.com','Sales','VP Sales','Technology','Pune','2023-01-01',8.10,'EMP072','Active'),('EMP064','Suresh Krishnan','suresh.krishnan@anblicks.com','Sales','Business Development Manager','Sales','Remote','2019-05-22',12.80,'EMP036','Active'),('EMP065','Madhavi Das','madhavi.das@anblicks.com','Digital Transformation','Associate Director','Marketing','Hyderabad','2022-01-01',5.00,'EMP035','Active'),('EMP066','Chandra Rao','chandra.rao@anblicks.com','Cloud Infrastructure','Senior Cloud Engineer','Presales','Mumbai','2021-11-22',3.10,'EMP028','Active'),('EMP067','Srinivas Gupta','srinivas.gupta@anblicks.com','Marketing','Brand Manager','Marketing','Hyderabad','2019-02-28',12.70,'EMP050','Inactive'),('EMP068','Hema Rajan','hema.rajan@anblicks.com','Engineering','Engineering Manager','Marketing','Mumbai','2018-01-13',14.20,'EMP039','Active'),('EMP069','Srinivas Tiwari','srinivas.tiwari@anblicks.com','Marketing','CMO','Presales','Mumbai','2019-03-26',4.80,'EMP063','Active'),('EMP070','Rekha Naidu','rekha.naidu@anblicks.com','Finance','Senior Finance Analyst','Technology','Mumbai','2023-02-27',2.80,'EMP081','Active'),('EMP071','Padma Pandey','padma.pandey@anblicks.com','Project Management','Project Coordinator','Delivery','Pune','2020-05-27',2.90,'EMP060','Active'),('EMP072','Deepak Mehta','deepak.mehta@anblicks.com','HR','HR Manager','Marketing','Chennai','2019-11-23',11.70,'EMP049','Active'),('EMP073','Srinivas Iyer','srinivas.iyer@anblicks.com','Data & Analytics','Analytics Manager','Delivery','Pune','2021-01-09',1.70,'EMP045','Active'),('EMP074','Kiran Venkatesh','kiran.venkatesh@anblicks.com','Engineering','Software Engineer','Presales','Bengaluru','2022-09-15',1.30,'EMP020','Active'),('EMP075','Venkat Naidu','venkat.naidu@anblicks.com','Data & Analytics','Data Scientist','Presales','Mumbai','2021-12-03',4.60,'EMP048','Active'),('EMP076','Prasad Krishnan','prasad.krishnan@anblicks.com','Data & Analytics','Senior Data Analyst','Sales','Hyderabad','2021-03-31',1.40,'EMP040','Active'),('EMP077','Abhiram Sai','Abhiram.Sai@anblicks.com','Digital Transformation','Consultant','HR','Pune','2022-08-29',9.80,'EMP014','Active'),('EMP078','Swathi Ramesh','swathi.ramesh@anblicks.com','Project Management','Project Coordinator','Technology','Delhi','2022-05-22',1.60,'EMP069','Active'),('EMP079','Sujatha Reddy','sujatha.reddy@anblicks.com','Marketing','Marketing Manager','Delivery','Remote','2020-05-10',12.50,'EMP014','Active'),('EMP080','Sujatha Murthy','sujatha.murthy@anblicks.com','Sales','Account Manager','Marketing','Bengaluru','2022-02-11',8.30,'EMP085','Active'),('EMP081','Chandra Venkatesh','chandra.venkatesh@anblicks.com','Sales','Business Development Manager','Marketing','Remote','2022-02-06',9.30,'EMP042','Active'),('EMP082','Anita Iyer','anita.iyer@anblicks.com','Sales','Account Manager','Technology','Mumbai','2021-03-13',9.50,'EMP049','Active'),('EMP083','Sunita Ramesh','sunita.ramesh@anblicks.com','HR','HR Manager','Marketing','Bengaluru','2019-12-28',12.20,'EMP044','Active'),('EMP084','Prasad Rajan','prasad.rajan@anblicks.com','Strategy & Architecture','Principal Architect','Delivery','Delhi','2023-04-26',3.70,'EMP031','Active'),('EMP085','Sunita Tiwari','sunita.tiwari@anblicks.com','Digital Transformation','Director','Finance','Pune','2020-10-02',7.30,'EMP003','Active'),('EMP086','Anil Mehta','anil.mehta@anblicks.com','Digital Transformation','Associate Director','Finance','Delhi','2020-01-26',7.60,'EMP068','Active'),('EMP087','Kavitha Tiwari','kavitha.tiwari@anblicks.com','HR','Talent Acquisition Specialist','Finance','Mumbai','2019-07-09',5.30,'EMP030','Active'),('EMP088','Rahul Gupta','rahul.gupta@anblicks.com','Data & Analytics','Data Scientist','Technology','Pune','2019-01-15',3.70,'EMP096','Active'),('EMP089','Girish Pandey','girish.pandey@anblicks.com','Marketing','CMO','Sales','Hyderabad','2022-09-02',3.70,'EMP030','Active'),('EMP090','Swathi Kumar','swathi.kumar@anblicks.com','Marketing','Content Specialist','Sales','Hyderabad','2023-06-19',1.80,'EMP038','Active'),('EMP091','Arjun Murthy','arjun.murthy@anblicks.com','Sales','Sales Executive','Technology','Hyderabad','2021-03-21',5.00,'EMP062','Active'),('EMP092','Lakshmi Sharma','lakshmi.sharma@anblicks.com','Strategy & Architecture','Strategy Consultant','Delivery','Remote','2018-05-14',6.60,'EMP010','Active'),('EMP093','Revathi Sharma','revathi.sharma@anblicks.com','Cloud Infrastructure','Senior Cloud Engineer','Technology','Delhi','2023-04-28',5.30,'EMP032','Active'),('EMP094','Dinesh Shah','dinesh.shah@anblicks.com','Project Management','PMO Lead','Technology','Delhi','2019-04-08',11.90,'EMP049','Active'),('EMP095','Naresh Pillai','naresh.pillai@anblicks.com','Project Management','Program Manager','Sales','Delhi','2021-06-25',1.80,'EMP096','Active'),('EMP096','Dinesh Patel','dinesh.patel@anblicks.com','Digital Transformation','Associate Director','Finance','Hyderabad','2018-11-18',4.40,'EMP071','Active'),('EMP097','Aarav Shah','aarav.shah@anblicks.com','Sales','VP Sales','Marketing','Chennai','2018-03-08',4.20,'EMP091','Active'),('EMP098','Geeta Reddy','geeta.reddy@anblicks.com','Digital Transformation','Associate Director','Technology','Remote','2021-07-04',9.30,'EMP026','Active'),('EMP099','Chandra Verma','chandra.verma@anblicks.com','Cloud Infrastructure','DevOps Engineer','Technology','Bengaluru','2018-05-27',1.80,'EMP040','Active'),('EMP100','Sunil Shetty','sunil.shetty@anblicks.com','Strategy & Architecture','Strategy Consultant','Delivery','Mumbai','2021-11-11',5.30,'EMP052','Inactive');
/*!40000 ALTER TABLE `hrms_data` ENABLE KEYS */;
UNLOCK TABLES;

--
-- Table structure for table `lms`
--

DROP TABLE IF EXISTS `lms`;
/*!40101 SET @saved_cs_client     = @@character_set_client */;
/*!50503 SET character_set_client = utf8mb4 */;
CREATE TABLE `lms` (
  `my_row_id` bigint unsigned NOT NULL AUTO_INCREMENT /*!80023 INVISIBLE */,
  `EmployeeID` varchar(10) DEFAULT NULL,
  `CourseName` varchar(100) DEFAULT NULL,
  `CourseStatus` varchar(50) DEFAULT NULL,
  `CompletionDate` varchar(50) DEFAULT NULL,
  `CertificationName` varchar(100) DEFAULT NULL,
  `CertificationStatus` varchar(50) DEFAULT NULL,
  `CertificationExpiryDate` varchar(50) DEFAULT NULL,
  PRIMARY KEY (`my_row_id`)
) ENGINE=InnoDB AUTO_INCREMENT=102 DEFAULT CHARSET=utf8mb4 COLLATE=utf8mb4_0900_ai_ci;
/*!40101 SET character_set_client = @saved_cs_client */;

--
-- Dumping data for table `lms`
--

LOCK TABLES `lms` WRITE;
/*!40000 ALTER TABLE `lms` DISABLE KEYS */;
INSERT INTO `lms` (`my_row_id`, `EmployeeID`, `CourseName`, `CourseStatus`, `CompletionDate`, `CertificationName`, `CertificationStatus`, `CertificationExpiryDate`) VALUES (1,'EMP001','Leadership & Communication','Completed','2023-03-24','AWS Certified Cloud Practitioner','Active','2026-12-31'),(2,'EMP002','Kubernetes Basics','Not Started','N/A','Certified Scrum Master','Expired','2024-06-30'),(3,'EMP003','Python for Data Science','Completed','2023-05-10','AWS Certified Cloud Practitioner','Active','2026-12-31'),(4,'EMP004','Power BI Mastery','Completed','2024-10-10','Certified Scrum Master','Expired','2024-06-30'),(5,'EMP005','SQL Advanced','Completed','2023-11-29','Certified Scrum Master','Expired','2024-06-30'),(6,'EMP006','Machine Learning Foundations','Completed','2024-06-27','Certified Scrum Master','Expired','2024-06-30'),(7,'EMP007','Power BI Mastery','Completed','2024-06-01','PMP Certification','Active','2027-03-31'),(8,'EMP008','SQL Advanced','Completed','2023-04-12','PMP Certification','Active','2027-03-31'),(9,'EMP009','Azure Fundamentals','Completed','2024-10-28','None','N/A','N/A'),(10,'EMP010','Cybersecurity Awareness','In Progress','N/A','None','N/A','N/A'),(11,'EMP011','Agile & Scrum Essentials','In Progress','N/A','PMP Certification','Active','2027-03-31'),(12,'EMP012','Leadership & Communication','Completed','2024-02-28','Microsoft Azure Fundamentals','Active','2027-06-30'),(13,'EMP013','Kubernetes Basics','Not Started','N/A','PMP Certification','Active','2027-03-31'),(14,'EMP014','Machine Learning Foundations','Completed','2023-04-08','PMP Certification','Active','2027-03-31'),(15,'EMP015','Kubernetes Basics','Not Started','N/A','PMP Certification','Active','2027-03-31'),(16,'EMP016','Kubernetes Basics','Not Started','N/A','None','N/A','N/A'),(17,'EMP017','Power BI Mastery','Completed','2023-06-06','Google Data Analytics','Active','2026-09-30'),(18,'EMP018','Leadership & Communication','Completed','2023-04-04','AWS Certified Cloud Practitioner','Active','2026-12-31'),(19,'EMP019','Azure Fundamentals','Completed','2024-03-18','AWS Certified Cloud Practitioner','Active','2026-12-31'),(20,'EMP020','Azure Fundamentals','Completed','2024-01-17','None','N/A','N/A'),(21,'EMP021','Python for Data Science','Completed','2023-03-03','Certified Scrum Master','Expired','2024-06-30'),(22,'EMP022','SQL Advanced','Completed','2024-07-29','Certified Scrum Master','Expired','2024-06-30'),(23,'EMP023','Kubernetes Basics','Not Started','N/A','None','N/A','N/A'),(24,'EMP024','Azure Fundamentals','Completed','2023-12-29','PMP Certification','Active','2027-03-31'),(25,'EMP025','Machine Learning Foundations','Completed','2023-02-22','None','N/A','N/A'),(26,'EMP026','Power BI Mastery','Completed','2023-11-16','Certified Scrum Master','Expired','2024-06-30'),(27,'EMP027','Kubernetes Basics','Not Started','N/A','AWS Certified Cloud Practitioner','Active','2026-12-31'),(28,'EMP028','SQL Advanced','Completed','2023-08-06','Certified Scrum Master','Expired','2024-06-30'),(29,'EMP029','Python for Data Science','Completed','2024-05-08','None','N/A','N/A'),(30,'EMP030','Agile & Scrum Essentials','In Progress','N/A','AWS Certified Cloud Practitioner','Active','2026-12-31'),(31,'EMP031','Kubernetes Basics','Not Started','N/A','Certified Scrum Master','Expired','2024-06-30'),(32,'EMP032','Kubernetes Basics','Not Started','N/A','AWS Certified Cloud Practitioner','Active','2026-12-31'),(33,'EMP033','Power BI Mastery','Completed','2023-08-20','Certified Scrum Master','Expired','2024-06-30'),(34,'EMP034','Machine Learning Foundations','Completed','2024-09-28','Certified Scrum Master','Expired','2024-06-30'),(35,'EMP035','SQL Advanced','Completed','2024-10-20','None','N/A','N/A'),(36,'EMP036','Cybersecurity Awareness','In Progress','N/A','AWS Certified Cloud Practitioner','Active','2026-12-31'),(37,'EMP037','SQL Advanced','Completed','2023-10-01','None','N/A','N/A'),(38,'EMP038','AWS Cloud Practitioner','Completed','2023-10-07','Microsoft Azure Fundamentals','Active','2027-06-30'),(39,'EMP039','Power BI Mastery','Completed','2023-12-26','Google Data Analytics','Active','2026-09-30'),(40,'EMP040','AWS Cloud Practitioner','Completed','2023-05-27','Microsoft Azure Fundamentals','Active','2027-06-30'),(41,'EMP041','SQL Advanced','Completed','2024-02-15','None','N/A','N/A'),(42,'EMP042','Azure Fundamentals','Completed','2024-10-10','Microsoft Azure Fundamentals','Active','2027-06-30'),(43,'EMP043','AWS Cloud Practitioner','Completed','2024-06-27','AWS Certified Cloud Practitioner','Active','2026-12-31'),(44,'EMP044','Agile & Scrum Essentials','In Progress','N/A','PMP Certification','Active','2027-03-31'),(45,'EMP045','Machine Learning Foundations','Completed','2023-12-16','PMP Certification','Active','2027-03-31'),(46,'EMP046','Python for Data Science','Completed','2023-11-16','Google Data Analytics','Active','2026-09-30'),(47,'EMP047','Kubernetes Basics','Not Started','N/A','Certified Scrum Master','Expired','2024-06-30'),(48,'EMP048','SQL Advanced','Completed','2023-02-23','AWS Certified Cloud Practitioner','Active','2026-12-31'),(49,'EMP049','Python for Data Science','Completed','2024-09-24','Microsoft Azure Fundamentals','Active','2027-06-30'),(50,'EMP050','AWS Cloud Practitioner','Completed','2023-03-25','None','N/A','N/A'),(51,'EMP051','Power BI Mastery','Completed','2024-11-08','PMP Certification','Active','2027-03-31'),(52,'EMP052','Machine Learning Foundations','Completed','2024-09-13','PMP Certification','Active','2027-03-31'),(53,'EMP053','Leadership & Communication','Completed','2023-10-07','PMP Certification','Active','2027-03-31'),(54,'EMP054','Agile & Scrum Essentials','In Progress','N/A','Certified Scrum Master','Expired','2024-06-30'),(55,'EMP055','Azure Fundamentals','Completed','2024-03-16','Google Data Analytics','Active','2026-09-30'),(56,'EMP056','Azure Fundamentals','Completed','2024-11-25','Google Data Analytics','Active','2026-09-30'),(57,'EMP057','SQL Advanced','Completed','2024-06-23','PMP Certification','Active','2027-03-31'),(58,'EMP058','Power BI Mastery','Completed','2023-08-14','AWS Certified Cloud Practitioner','Active','2026-12-31'),(59,'EMP059','Machine Learning Foundations','Completed','2023-02-26','Certified Scrum Master','Expired','2024-06-30'),(60,'EMP060','AWS Cloud Practitioner','Completed','2023-11-05','Microsoft Azure Fundamentals','Active','2027-06-30'),(61,'EMP061','Agile & Scrum Essentials','In Progress','N/A','Microsoft Azure Fundamentals','Active','2027-06-30'),(62,'EMP062','Power BI Mastery','Completed','2023-12-02','Google Data Analytics','Active','2026-09-30'),(63,'EMP063','Azure Fundamentals','Completed','2024-05-24','AWS Certified Cloud Practitioner','Active','2026-12-31'),(64,'EMP064','Machine Learning Foundations','Completed','2023-05-13','Microsoft Azure Fundamentals','Active','2027-06-30'),(65,'EMP065','Machine Learning Foundations','Completed','2023-08-24','Certified Scrum Master','Expired','2024-06-30'),(66,'EMP066','Cybersecurity Awareness','In Progress','N/A','Certified Scrum Master','Expired','2024-06-30'),(67,'EMP067','Kubernetes Basics','Not Started','N/A','AWS Certified Cloud Practitioner','Active','2026-12-31'),(68,'EMP068','Machine Learning Foundations','Completed','2023-02-13','None','N/A','N/A'),(69,'EMP069','Machine Learning Foundations','Completed','2024-04-15','AWS Certified Cloud Practitioner','Active','2026-12-31'),(70,'EMP070','Azure Fundamentals','Completed','2024-08-12','Google Data Analytics','Active','2026-09-30'),(71,'EMP071','Machine Learning Foundations','Completed','2024-02-19','Certified Scrum Master','Expired','2024-06-30'),(72,'EMP072','Machine Learning Foundations','Completed','2023-04-28','Google Data Analytics','Active','2026-09-30'),(73,'EMP073','Machine Learning Foundations','Completed','2023-11-29','AWS Certified Cloud Practitioner','Active','2026-12-31'),(74,'EMP074','Python for Data Science','Completed','2024-04-16','Certified Scrum Master','Expired','2024-06-30'),(75,'EMP075','Kubernetes Basics','Not Started','N/A','AWS Certified Cloud Practitioner','Active','2026-12-31'),(76,'EMP076','Machine Learning Foundations','Completed','2023-09-07','AWS Certified Cloud Practitioner','Active','2026-12-31'),(77,'EMP077','Machine Learning Foundations','Completed','2024-02-15','Certified Scrum Master','Expired','2024-06-30'),(78,'EMP078','Cybersecurity Awareness','In Progress','N/A','AWS Certified Cloud Practitioner','Active','2026-12-31'),(79,'EMP079','Machine Learning Foundations','Completed','2023-12-14','Google Data Analytics','Active','2026-09-30'),(80,'EMP080','Agile & Scrum Essentials','In Progress','N/A','Google Data Analytics','Active','2026-09-30'),(81,'EMP081','Python for Data Science','Completed','2024-06-06','AWS Certified Cloud Practitioner','Active','2026-12-31'),(82,'EMP082','Azure Fundamentals','Completed','2024-06-06','Certified Scrum Master','Expired','2024-06-30'),(83,'EMP083','Agile & Scrum Essentials','In Progress','N/A','Google Data Analytics','Active','2026-09-30'),(84,'EMP084','Kubernetes Basics','Not Started','N/A','None','N/A','N/A'),(85,'EMP085','Python for Data Science','Completed','2023-04-16','Microsoft Azure Fundamentals','Active','2027-06-30'),(86,'EMP086','Python for Data Science','Completed','2023-07-22','Google Data Analytics','Active','2026-09-30'),(87,'EMP087','Python for Data Science','Completed','2023-06-06','Certified Scrum Master','Expired','2024-06-30'),(88,'EMP088','Azure Fundamentals','Completed','2024-10-05','Microsoft Azure Fundamentals','Active','2027-06-30'),(89,'EMP089','Leadership & Communication','Completed','2024-07-31','PMP Certification','Active','2027-03-31'),(90,'EMP090','SQL Advanced','Completed','2024-11-28','PMP Certification','Active','2027-03-31'),(91,'EMP091','SQL Advanced','Completed','2024-10-12','None','N/A','N/A'),(92,'EMP092','SQL Advanced','Completed','2024-10-04','Google Data Analytics','Active','2026-09-30'),(93,'EMP093','Kubernetes Basics','Not Started','N/A','Microsoft Azure Fundamentals','Active','2027-06-30'),(94,'EMP094','Leadership & Communication','Completed','2024-04-25','AWS Certified Cloud Practitioner','Active','2026-12-31'),(95,'EMP095','Leadership & Communication','Completed','2023-11-07','None','N/A','N/A'),(96,'EMP096','Power BI Mastery','Completed','2023-02-27','Certified Scrum Master','Expired','2024-06-30'),(97,'EMP097','Kubernetes Basics','Not Started','N/A','Certified Scrum Master','Expired','2024-06-30'),(98,'EMP098','Azure Fundamentals','Completed','2024-04-17','Google Data Analytics','Active','2026-09-30'),(99,'EMP099','Leadership & Communication','Completed','2023-02-28','AWS Certified Cloud Practitioner','Active','2026-12-31'),(100,'EMP100','Kubernetes Basics','Not Started','N/A','Google Data Analytics','Active','2026-09-30'),(101,'EMP019',NULL,NULL,NULL,'Azure Marketing','Completed',NULL);
/*!40000 ALTER TABLE `lms` ENABLE KEYS */;
UNLOCK TABLES;

--
-- Table structure for table `login`
--

DROP TABLE IF EXISTS `login`;
/*!40101 SET @saved_cs_client     = @@character_set_client */;
/*!50503 SET character_set_client = utf8mb4 */;
CREATE TABLE `login` (
  `Email` varchar(100) NOT NULL,
  `password` varchar(150) DEFAULT NULL,
  `Role` varchar(50) DEFAULT NULL,
  PRIMARY KEY (`Email`)
) ENGINE=InnoDB DEFAULT CHARSET=utf8mb4 COLLATE=utf8mb4_0900_ai_ci;
/*!40101 SET character_set_client = @saved_cs_client */;

--
-- Dumping data for table `login`
--

LOCK TABLES `login` WRITE;
/*!40000 ALTER TABLE `login` DISABLE KEYS */;
INSERT INTO `login` VALUES ('aarav.krishnan@anblicks.com','Fusion@126','Employee'),('aarav.shah@anblicks.com','Captain@745','Employee'),('Abhiram.Sai@anblicks.com','Heroic@492','Employee'),('ajay.mishra@anblicks.com','Alpha#381','Employee'),('ajay.rajan@anblicks.com','Eclipse#902','Employee'),('ajay.rao@anblicks.com','Apex@2026','Employee'),('anil.mehta@anblicks.com','Resolve#425','Employee'),('anil.subramaniam@anblicks.com','Patriot@915','Employee'),('anil.verma@anblicks.com','Frost@472','Employee'),('anita.iyer@anblicks.com','Mystic#963','Employee'),('anita.pillai@anblicks.com','Oracle#648','Employee'),('anita.venkatesh@anblicks.com','Phoenix#274','Employee'),('anusha.murthy@anblicks.com','Gamma#861','Employee'),('anusha.pillai@anblicks.com','Vector@238','Employee'),('anusha.reddy@anblicks.com','Quantum@183','Employee'),('arjun.iyer@anblicks.com','Warrior#615','Employee'),('arjun.murthy@anblicks.com','Wonder@216','Employee'),('arjun.singh@anblicks.com','Delta@174','Employee'),('bhavana.mishra@anblicks.com','Galaxy#137','Employee'),('bhavana.rajan@anblicks.com','Raider@482','Employee'),('bhavana.reddy@anblicks.com','Nova@651','Employee'),('chandra.iyer@anblicks.com','Rocket@819','Employee'),('chandra.naidu@anblicks.com','Jupiter@381','Employee'),('chandra.rao@anblicks.com','Wizard#294','Employee'),('chandra.reddy@anblicks.com','Falcon#314','Employee'),('chandra.sharma@anblicks.com','Atlas#629','Employee'),('chandra.venkatesh@anblicks.com','Legend@146','Employee'),('chandra.verma@anblicks.com','Everest@826','Employee'),('deb@anblicks.com','deb@456','L&D'),('deepak.mehta@anblicks.com','Comet#386','Employee'),('deepak.sharma@anblicks.com','Hunter@958','Employee'),('dinesh.patel@anblicks.com','Bullet#287','Employee'),('dinesh.shah@anblicks.com','Zodiac#952','Employee'),('dinesh.shetty@anblicks.com','Turbo@873','Employee'),('fathima@anblicks.com','fathima@123','L&D'),('ganesh.iyer@anblicks.com','Neptune@258','Employee'),('ganesh.mehta@anblicks.com','Horizon@593','Employee'),('ganesh.rao@anblicks.com','Vertex@562','Employee'),('ganesh.reddy@anblicks.com','Titan#914','Employee'),('geeta.murthy@anblicks.com','Blaze#427','Employee'),('geeta.reddy@anblicks.com','Destiny#398','Employee'),('girish.pandey@anblicks.com','Universe@372','Employee'),('girish.sharma@anblicks.com','Jaguar@687','Employee'),('harish.bose@anblicks.com','Nimbus@271','Employee'),('harish.patel@anblicks.com','Cipher#365','Employee'),('hema.rajan@anblicks.com','Yukon@874','Employee'),('Jeevan.Bhargav@anblicks.com','Bravo@652','Employee'),('kavitha.tiwari@anblicks.com','Spartan@198','Employee'),('kavya.mohan@anblicks.com','Charlie#948','Employee'),('kavya.verma@anblicks.com','Foxtrot@703','Employee'),('kiran.bose@anblicks.com','Quantum#734','Employee'),('kiran.venkatesh@anblicks.com','Empire#514','Employee'),('lakshmi.reddy@anblicks.com','Quest#185','Employee'),('lakshmi.sharma@anblicks.com','Xenith#735','Employee'),('madhavi.das@anblicks.com','Viking@803','Employee'),('meera.naidu@anblicks.com','Zenith#740','Employee'),('naresh.pillai@anblicks.com','Aurora@613','Employee'),('naresh.tiwari@anblicks.com','Zephyr@184','Employee'),('natasha@anblicks.com','natasha@789','RMG'),('naveen.rao@anblicks.com','Ember#894','Employee'),('padma.pandey@anblicks.com','Beacon@741','Employee'),('pavan.iyer@anblicks.com','Unity#594','Employee'),('pavan.rao@anblicks.com','Iconic#624','Employee'),('pooja.naidu@anblicks.com','Summit#459','Employee'),('prasad.gupta@anblicks.com','Thunder@629','Employee'),('prasad.krishnan@anblicks.com','Gravity#835','Employee'),('prasad.rajan@anblicks.com','Odyssey#214','Employee'),('prasad.sharma@anblicks.com','Ranger@632','Employee'),('priya.nair@anblicks.com','Dragon@516','Employee'),('rahul.gupta@anblicks.com','Triumph#564','Employee'),('rahul.tiwari@anblicks.com','Kraken#529','Employee'),('rekha.naidu@anblicks.com','Alpine#593','Employee'),('rekha.patel@anblicks.com','Xenon@972','Employee'),('revathi.sharma@anblicks.com','Yield@481','Employee'),('rohit.mohan@anblicks.com','Binary@753','Employee'),('rohit.subramaniam@anblicks.com','Matrix@478','Employee'),('Roohi.Mohammad@anblicks.com','Echo#526','Employee'),('sagar.das@anblicks.com','Helix@495','Employee'),('sagar.ramesh@anblicks.com','Knight#705','Employee'),('saritha.patel@anblicks.com','Orion@729','Employee'),('saritha.rao@anblicks.com','Legacy@814','Employee'),('saritha.singh@anblicks.com','Liberty@492','Employee'),('shrestha@anblicks.com','shrestha@345','TA'),('sneha.sharma@anblicks.com','Pixel@741','Employee'),('sneha.tiwari@anblicks.com','Solaris#351','Employee'),('srinivas.dubey@anblicks.com','Cosmos#281','Employee'),('srinivas.gupta@anblicks.com','Xplorer@561','Employee'),('srinivas.iyer@anblicks.com','Dynasty@927','Employee'),('srinivas.tiwari@anblicks.com','Zenith@236','Employee'),('sujatha.murthy@anblicks.com','Kingdom#782','Employee'),('sujatha.reddy@anblicks.com','Journey@359','Employee'),('sunil.shetty@anblicks.com','Infinity#547','Employee'),('sunita.ramesh@anblicks.com','Nomad@578','Employee'),('sunita.singh@anblicks.com','Omega#963','Employee'),('sunita.tiwari@anblicks.com','Pioneer@651','Employee'),('suresh.krishnan@anblicks.com','Ultra#147','Employee'),('suresh.rajan@anblicks.com','Nexus#845','Employee'),('suresh.shah@anblicks.com','Mirage#376','Employee'),('swathi.kumar@anblicks.com','Voyager#849','Employee'),('swathi.mehta@anblicks.com','Monarch#863','Employee'),('swathi.ramesh@anblicks.com','Inspire#617','Employee'),('usha.balachandran@anblicks.com','Yukon#347','Employee'),('venkat.naidu@anblicks.com','Falcon@268','Employee'),('venkat.subramaniam@anblicks.com','Inferno#312','Employee');
/*!40000 ALTER TABLE `login` ENABLE KEYS */;
UNLOCK TABLES;

--
-- Table structure for table `performance_management`
--

DROP TABLE IF EXISTS `performance_management`;
/*!40101 SET @saved_cs_client     = @@character_set_client */;
/*!50503 SET character_set_client = utf8mb4 */;
CREATE TABLE `performance_management` (
  `my_row_id` bigint unsigned NOT NULL AUTO_INCREMENT /*!80023 INVISIBLE */,
  `EmployeeID` varchar(20) DEFAULT NULL,
  `PerformanceRating` varchar(50) DEFAULT NULL,
  `ReviewPeriod` varchar(50) DEFAULT NULL,
  `PromotionHistory` varchar(255) DEFAULT NULL,
  `AwardsRecognition` varchar(255) DEFAULT NULL,
  PRIMARY KEY (`my_row_id`)
) ENGINE=InnoDB AUTO_INCREMENT=101 DEFAULT CHARSET=utf8mb4 COLLATE=utf8mb4_0900_ai_ci;
/*!40101 SET character_set_client = @saved_cs_client */;

--
-- Dumping data for table `performance_management`
--

LOCK TABLES `performance_management` WRITE;
/*!40000 ALTER TABLE `performance_management` DISABLE KEYS */;
INSERT INTO `performance_management` (`my_row_id`, `EmployeeID`, `PerformanceRating`, `ReviewPeriod`, `PromotionHistory`, `AwardsRecognition`) VALUES (1,'EMP001','Outstanding','H1 2024','Promoted in 2022','None'),(2,'EMP002','Outstanding','Annual 2024','Promoted in 2023','None'),(3,'EMP003','Exceeds Expectations','H1 2024','Promoted in 2024','None'),(4,'EMP004','Meets Expectations','H1 2024','Promoted in 2022','None'),(5,'EMP005','Outstanding','H1 2024','Promoted in 2023','Best Team Player'),(6,'EMP006','Below Expectations','H2 2024','Promoted in 2024','None'),(7,'EMP007','Below Expectations','Annual 2024','Promoted in 2022','Innovation Award'),(8,'EMP008','Below Expectations','H1 2024','Promoted in 2022','Best Team Player'),(9,'EMP009','Below Expectations','Annual 2024','Promoted in 2023','Best Team Player'),(10,'EMP010','Meets Expectations','H1 2025','No Promotion','None'),(11,'EMP011','Outstanding','H2 2024','Promoted in 2022','None'),(12,'EMP012','Outstanding','H1 2024','Promoted in 2022','None'),(13,'EMP013','Below Expectations','H1 2024','No Promotion','Employee of the Quarter'),(14,'EMP014','Exceeds Expectations','H1 2024','No Promotion','Best Team Player'),(15,'EMP015','Meets Expectations','H2 2024','Promoted in 2024','Innovation Award'),(16,'EMP016','Below Expectations','Annual 2024','Promoted in 2022','None'),(17,'EMP017','Outstanding','H2 2024','Promoted in 2024','Client Excellence Award'),(18,'EMP018','Outstanding','H1 2024','Promoted in 2024','None'),(19,'EMP019','Outstanding','Annual 2024','Promoted in 2023','None'),(20,'EMP020','Meets Expectations','H1 2025','Promoted in 2023','Best Team Player'),(21,'EMP021','Meets Expectations','H1 2025','No Promotion','None'),(22,'EMP022','Outstanding','H1 2024','No Promotion','None'),(23,'EMP023','Below Expectations','Annual 2024','Promoted in 2022','Best Team Player'),(24,'EMP024','Below Expectations','H1 2025','Promoted in 2022','Innovation Award'),(25,'EMP025','Below Expectations','H1 2024','Promoted in 2024','None'),(26,'EMP026','Exceeds Expectations','H2 2024','No Promotion','Best Team Player'),(27,'EMP027','Meets Expectations','H1 2025','Promoted in 2024','Client Excellence Award'),(28,'EMP028','Outstanding','H2 2024','Promoted in 2022','Client Excellence Award'),(29,'EMP029','Meets Expectations','Annual 2024','Promoted in 2024','Innovation Award'),(30,'EMP030','Outstanding','H1 2025','Promoted in 2024','Innovation Award'),(31,'EMP031','Below Expectations','Annual 2024','Promoted in 2023','None'),(32,'EMP032','Exceeds Expectations','Annual 2024','Promoted in 2024','None'),(33,'EMP033','Outstanding','Annual 2024','Promoted in 2022','None'),(34,'EMP034','Outstanding','Annual 2024','Promoted in 2022','Innovation Award'),(35,'EMP035','Exceeds Expectations','H1 2024','Promoted in 2024','None'),(36,'EMP036','Exceeds Expectations','H1 2025','Promoted in 2024','None'),(37,'EMP037','Meets Expectations','Annual 2024','Promoted in 2022','Best Team Player'),(38,'EMP038','Exceeds Expectations','H1 2025','No Promotion','Employee of the Quarter'),(39,'EMP039','Outstanding','H2 2024','Promoted in 2022','Best Team Player'),(40,'EMP040','Meets Expectations','H1 2025','Promoted in 2023','None'),(41,'EMP041','Below Expectations','H1 2025','Promoted in 2023','None'),(42,'EMP042','Exceeds Expectations','H2 2024','Promoted in 2024','None'),(43,'EMP043','Outstanding','H2 2024','Promoted in 2024','None'),(44,'EMP044','Meets Expectations','H1 2024','No Promotion','None'),(45,'EMP045','Meets Expectations','H1 2025','No Promotion','None'),(46,'EMP046','Below Expectations','H1 2024','Promoted in 2024','Client Excellence Award'),(47,'EMP047','Exceeds Expectations','H1 2025','Promoted in 2024','Innovation Award'),(48,'EMP048','Meets Expectations','H2 2024','No Promotion','None'),(49,'EMP049','Outstanding','Annual 2024','Promoted in 2024','None'),(50,'EMP050','Outstanding','Annual 2024','Promoted in 2022','Best Team Player'),(51,'EMP051','Exceeds Expectations','Annual 2024','No Promotion','None'),(52,'EMP052','Outstanding','Annual 2024','No Promotion','Employee of the Quarter'),(53,'EMP053','Exceeds Expectations','Annual 2024','No Promotion','Best Team Player'),(54,'EMP054','Outstanding','H2 2024','Promoted in 2022','None'),(55,'EMP055','Outstanding','H1 2025','No Promotion','None'),(56,'EMP056','Below Expectations','H2 2024','Promoted in 2022','None'),(57,'EMP057','Exceeds Expectations','H1 2024','Promoted in 2023','None'),(58,'EMP058','Exceeds Expectations','H1 2024','Promoted in 2024','None'),(59,'EMP059','Outstanding','H1 2024','Promoted in 2022','None'),(60,'EMP060','Meets Expectations','H1 2025','Promoted in 2024','None'),(61,'EMP061','Exceeds Expectations','H1 2025','No Promotion','Best Team Player'),(62,'EMP062','Below Expectations','H2 2024','Promoted in 2023','Client Excellence Award'),(63,'EMP063','Below Expectations','H2 2024','Promoted in 2022','Best Team Player'),(64,'EMP064','Exceeds Expectations','H1 2024','Promoted in 2024','None'),(65,'EMP065','Exceeds Expectations','H2 2024','Promoted in 2024','None'),(66,'EMP066','Exceeds Expectations','H1 2024','No Promotion','Best Team Player'),(67,'EMP067','Outstanding','H2 2024','Promoted in 2022','Best Team Player'),(68,'EMP068','Meets Expectations','Annual 2024','Promoted in 2023','Best Team Player'),(69,'EMP069','Exceeds Expectations','H1 2025','No Promotion','None'),(70,'EMP070','Meets Expectations','Annual 2024','Promoted in 2024','Innovation Award'),(71,'EMP071','Exceeds Expectations','H1 2024','Promoted in 2024','None'),(72,'EMP072','Below Expectations','H2 2024','Promoted in 2024','Client Excellence Award'),(73,'EMP073','Outstanding','H2 2024','Promoted in 2023','Best Team Player'),(74,'EMP074','Meets Expectations','H1 2024','Promoted in 2022','None'),(75,'EMP075','Outstanding','H1 2025','Promoted in 2024','None'),(76,'EMP076','Below Expectations','H1 2024','Promoted in 2024','None'),(77,'EMP077','Exceeds Expectations','H1 2025','Promoted in 2024','None'),(78,'EMP078','Outstanding','H1 2025','Promoted in 2023','None'),(79,'EMP079','Outstanding','Annual 2024','Promoted in 2023','None'),(80,'EMP080','Outstanding','H1 2024','Promoted in 2023','None'),(81,'EMP081','Below Expectations','H2 2024','Promoted in 2022','Client Excellence Award'),(82,'EMP082','Below Expectations','H2 2024','Promoted in 2022','Best Team Player'),(83,'EMP083','Exceeds Expectations','H1 2024','Promoted in 2023','None'),(84,'EMP084','Meets Expectations','H1 2024','Promoted in 2023','Client Excellence Award'),(85,'EMP085','Below Expectations','Annual 2024','Promoted in 2022','Client Excellence Award'),(86,'EMP086','Exceeds Expectations','H2 2024','No Promotion','Best Team Player'),(87,'EMP087','Below Expectations','H1 2024','Promoted in 2024','Innovation Award'),(88,'EMP088','Below Expectations','Annual 2024','Promoted in 2023','None'),(89,'EMP089','Outstanding','H2 2024','Promoted in 2023','None'),(90,'EMP090','Exceeds Expectations','Annual 2024','Promoted in 2023','None'),(91,'EMP091','Exceeds Expectations','H1 2025','Promoted in 2024','Best Team Player'),(92,'EMP092','Exceeds Expectations','H2 2024','Promoted in 2023','Innovation Award'),(93,'EMP093','Outstanding','H1 2025','No Promotion','Innovation Award'),(94,'EMP094','Below Expectations','H2 2024','No Promotion','Best Team Player'),(95,'EMP095','Exceeds Expectations','H1 2025','Promoted in 2022','None'),(96,'EMP096','Exceeds Expectations','H1 2025','Promoted in 2023','None'),(97,'EMP097','Outstanding','H1 2025','Promoted in 2023','None'),(98,'EMP098','Meets Expectations','H1 2025','Promoted in 2024','None'),(99,'EMP099','Exceeds Expectations','H1 2024','Promoted in 2024','Employee of the Quarter'),(100,'EMP100','Exceeds Expectations','H1 2024','Promoted in 2024','Employee of the Quarter');
/*!40000 ALTER TABLE `performance_management` ENABLE KEYS */;
UNLOCK TABLES;

--
-- Table structure for table `project_history`
--

DROP TABLE IF EXISTS `project_history`;
/*!40101 SET @saved_cs_client     = @@character_set_client */;
/*!50503 SET character_set_client = utf8mb4 */;
CREATE TABLE `project_history` (
  `my_row_id` bigint unsigned NOT NULL AUTO_INCREMENT /*!80023 INVISIBLE */,
  `EmployeeID` varchar(10) DEFAULT NULL,
  `ProjectID` varchar(20) DEFAULT NULL,
  `ProjectName` varchar(100) DEFAULT NULL,
  `StartDate` date DEFAULT NULL,
  `EndDate` date DEFAULT NULL,
  `TechnologyUsed` varchar(200) DEFAULT NULL,
  `ProjectRole` varchar(50) DEFAULT NULL,
  PRIMARY KEY (`my_row_id`),
  UNIQUE KEY `uq_project_history_assignment` (`EmployeeID`,`ProjectID`,`StartDate`)
) ENGINE=InnoDB AUTO_INCREMENT=239 DEFAULT CHARSET=utf8mb4 COLLATE=utf8mb4_0900_ai_ci;
/*!40101 SET character_set_client = @saved_cs_client */;

--
-- Dumping data for table `project_history`
--

LOCK TABLES `project_history` WRITE;
/*!40000 ALTER TABLE `project_history` DISABLE KEYS */;
INSERT INTO `project_history` (`my_row_id`, `EmployeeID`, `ProjectID`, `ProjectName`, `StartDate`, `EndDate`, `TechnologyUsed`, `ProjectRole`) VALUES (1,'EMP001','PRJ006','ERP Modernization','2024-04-01','2026-06-18','Java, Spring Boot, Kubernetes','Architect'),(2,'EMP001','PRJ007','ML Forecasting Platform','2024-07-01','2026-05-20','Python, AWS, Spark','DevOps'),(3,'EMP002','PRJ006','ERP Modernization','2024-04-01','2026-06-18','Azure, Power BI, SQL','DevOps'),(4,'EMP003','PRJ006','ERP Modernization','2024-04-01','2026-06-18','Angular, Java, MySQL','PM'),(5,'EMP003','PRJ005','BI Dashboard Suite','2024-02-01','2026-04-15','React, Node.js, PostgreSQL','Developer'),(6,'EMP003','PRJ002','Cloud Migration Phase 1','2023-03-01','2026-03-10','Java, Spring Boot, Kubernetes','BA'),(7,'EMP004','PRJ001','Enterprise Data Lake','2023-01-10','2026-02-12','Tableau, Python, S3','QA'),(8,'EMP004','PRJ007','ML Forecasting Platform','2024-07-01','2026-05-20','Terraform, Docker, Jenkins','PM'),(9,'EMP004','PRJ002','Cloud Migration Phase 1','2023-03-01','2026-03-10','React, Node.js, PostgreSQL','Data Engineer'),(10,'EMP005','PRJ006','ERP Modernization','2024-04-01','2026-06-18','Azure, Power BI, SQL','QA'),(11,'EMP006','PRJ005','BI Dashboard Suite','2024-02-01','2026-04-15','Snowflake, dbt, Airflow','Data Engineer'),(12,'EMP006','PRJ004','Digital Workplace Rollout','2024-01-15','2026-01-08','Azure, Power BI, SQL','BA'),(13,'EMP006','PRJ008','Cybersecurity Revamp','2024-09-01','2025-12-18','Java, Spring Boot, Kubernetes','Developer'),(14,'EMP007','PRJ001','Enterprise Data Lake','2023-01-10','2026-02-12','Go, gRPC, Redis','PM'),(15,'EMP007','PRJ004','Digital Workplace Rollout','2024-01-15','2026-01-08','Python, AWS, Spark','PM'),(16,'EMP008','PRJ007','ML Forecasting Platform','2024-07-01','2026-05-20','Terraform, Docker, Jenkins','Tech Lead'),(17,'EMP009','PRJ009','Customer 360 Platform','2025-01-01','2026-06-18','Azure, Power BI, SQL','DevOps'),(18,'EMP010','PRJ001','Enterprise Data Lake','2023-01-10','2026-02-12','Terraform, Docker, Jenkins','Tech Lead'),(19,'EMP010','PRJ003','AI-Powered CRM','2023-06-01','2026-05-20','Python, AWS, Spark','BA'),(20,'EMP011','PRJ007','ML Forecasting Platform','2024-07-01','2026-05-20','React, Node.js, PostgreSQL','Tech Lead'),(21,'EMP011','PRJ006','ERP Modernization','2024-04-01','2026-06-18','Go, gRPC, Redis','Architect'),(22,'EMP011','PRJ008','Cybersecurity Revamp','2024-09-01','2025-12-18','C#, .NET, Azure DevOps','Tech Lead'),(23,'EMP012','PRJ010','DevOps Transformation','2025-03-01','2026-04-15','Java, Spring Boot, Kubernetes','BA'),(24,'EMP012','PRJ001','Enterprise Data Lake','2023-01-10','2026-02-12','Terraform, Docker, Jenkins','QA'),(25,'EMP012','PRJ007','ML Forecasting Platform','2024-07-01','2026-05-20','Snowflake, dbt, Airflow','DevOps'),(26,'EMP013','PRJ006','ERP Modernization','2024-04-01','2026-06-18','Terraform, Docker, Jenkins','BA'),(27,'EMP013','PRJ010','DevOps Transformation','2025-03-01','2026-04-15','React, Node.js, PostgreSQL','BA'),(28,'EMP013','PRJ008','Cybersecurity Revamp','2024-09-01','2025-12-18','Java, Spring Boot, Kubernetes','Tech Lead'),(29,'EMP014','PRJ002','Cloud Migration Phase 1','2023-03-01','2026-03-10','Java, Spring Boot, Kubernetes','Data Engineer'),(30,'EMP015','PRJ006','ERP Modernization','2024-04-01','2026-06-18','React, Node.js, PostgreSQL','PM'),(31,'EMP015','PRJ007','ML Forecasting Platform','2024-07-01','2026-05-20','Azure, Power BI, SQL','Data Engineer'),(32,'EMP016','PRJ008','Cybersecurity Revamp','2024-09-01','2025-12-18','React, Node.js, PostgreSQL','Tech Lead'),(33,'EMP016','PRJ005','BI Dashboard Suite','2024-02-01','2026-04-15','Java, Spring Boot, Kubernetes','QA'),(34,'EMP017','PRJ010','DevOps Transformation','2025-03-01','2026-04-15','Snowflake, dbt, Airflow','Architect'),(35,'EMP017','PRJ001','Enterprise Data Lake','2023-01-10','2026-02-12','React, Node.js, PostgreSQL','BA'),(36,'EMP017','PRJ004','Digital Workplace Rollout','2024-01-15','2026-01-08','Snowflake, dbt, Airflow','DevOps'),(37,'EMP018','PRJ001','Enterprise Data Lake','2023-01-10','2026-02-12','Java, Spring Boot, Kubernetes','Developer'),(38,'EMP018','PRJ005','BI Dashboard Suite','2024-02-01','2026-04-15','C#, .NET, Azure DevOps','Data Engineer'),(39,'EMP018','PRJ009','Customer 360 Platform','2025-01-01','2026-06-18','Go, gRPC, Redis','BA'),(40,'EMP019','PRJ008','Cybersecurity Revamp','2024-09-01','2025-12-18','React, Node.js, PostgreSQL','Architect'),(41,'EMP020','PRJ001','Enterprise Data Lake','2023-01-10','2026-02-12','Python, AWS, Spark','BA'),(42,'EMP021','PRJ004','Digital Workplace Rollout','2024-01-15','2026-01-08','C#, .NET, Azure DevOps','PM'),(43,'EMP022','PRJ002','Cloud Migration Phase 1','2023-03-01','2026-03-10','Python, AWS, Spark','Tech Lead'),(44,'EMP022','PRJ005','BI Dashboard Suite','2024-02-01','2026-04-15','Azure, Power BI, SQL','Data Engineer'),(45,'EMP022','PRJ010','DevOps Transformation','2025-03-01','2026-04-15','Java, Spring Boot, Kubernetes','Tech Lead'),(46,'EMP023','PRJ002','Cloud Migration Phase 1','2023-03-01','2026-03-10','Tableau, Python, S3','Developer'),(47,'EMP023','PRJ001','Enterprise Data Lake','2023-01-10','2026-02-12','Java, Spring Boot, Kubernetes','DevOps'),(48,'EMP024','PRJ007','ML Forecasting Platform','2024-07-01','2026-05-20','C#, .NET, Azure DevOps','DevOps'),(49,'EMP024','PRJ008','Cybersecurity Revamp','2024-09-01','2025-12-18','Java, Spring Boot, Kubernetes','PM'),(50,'EMP024','PRJ001','Enterprise Data Lake','2023-01-10','2026-02-12','Azure, Power BI, SQL','Architect'),(51,'EMP025','PRJ005','BI Dashboard Suite','2024-02-01','2026-04-15','Java, Spring Boot, Kubernetes','Developer'),(52,'EMP025','PRJ008','Cybersecurity Revamp','2024-09-01','2025-12-18','Angular, Java, MySQL','BA'),(53,'EMP026','PRJ005','BI Dashboard Suite','2024-02-01','2026-04-15','Go, gRPC, Redis','Data Engineer'),(54,'EMP026','PRJ008','Cybersecurity Revamp','2024-09-01','2025-12-18','Python, AWS, Spark','Tech Lead'),(55,'EMP026','PRJ007','ML Forecasting Platform','2024-07-01','2026-05-20','Terraform, Docker, Jenkins','DevOps'),(56,'EMP027','PRJ007','ML Forecasting Platform','2024-07-01','2026-05-20','Azure, Power BI, SQL','BA'),(57,'EMP028','PRJ009','Customer 360 Platform','2025-01-01','2026-06-18','Snowflake, dbt, Airflow','Data Engineer'),(58,'EMP028','PRJ001','Enterprise Data Lake','2023-01-10','2026-02-12','Go, gRPC, Redis','Data Engineer'),(59,'EMP028','PRJ007','ML Forecasting Platform','2024-07-01','2026-05-20','Snowflake, dbt, Airflow','PM'),(60,'EMP029','PRJ005','BI Dashboard Suite','2024-02-01','2026-04-15','Python, AWS, Spark','PM'),(61,'EMP029','PRJ003','AI-Powered CRM','2023-06-01','2026-05-20','Angular, Java, MySQL','BA'),(62,'EMP030','PRJ005','BI Dashboard Suite','2024-02-01','2026-04-15','Python, AWS, Spark','Data Engineer'),(63,'EMP031','PRJ006','ERP Modernization','2024-04-01','2026-06-18','React, Node.js, PostgreSQL','BA'),(64,'EMP031','PRJ004','Digital Workplace Rollout','2024-01-15','2026-01-08','Azure, Power BI, SQL','QA'),(65,'EMP031','PRJ003','AI-Powered CRM','2023-06-01','2026-05-20','Go, gRPC, Redis','Developer'),(66,'EMP032','PRJ010','DevOps Transformation','2025-03-01','2026-04-15','C#, .NET, Azure DevOps','PM'),(67,'EMP033','PRJ003','AI-Powered CRM','2023-06-01','2026-05-20','Azure, Power BI, SQL','PM'),(68,'EMP034','PRJ006','ERP Modernization','2024-04-01','2026-06-18','Angular, Java, MySQL','Architect'),(69,'EMP034','PRJ001','Enterprise Data Lake','2023-01-10','2026-02-12','Angular, Java, MySQL','BA'),(70,'EMP034','PRJ010','DevOps Transformation','2025-03-01','2026-04-15','Tableau, Python, S3','QA'),(71,'EMP035','PRJ008','Cybersecurity Revamp','2024-09-01','2025-12-18','Python, AWS, Spark','Tech Lead'),(72,'EMP036','PRJ004','Digital Workplace Rollout','2024-01-15','2026-01-08','Angular, Java, MySQL','BA'),(73,'EMP037','PRJ009','Customer 360 Platform','2025-01-01','2026-06-18','Tableau, Python, S3','Developer'),(74,'EMP038','PRJ010','DevOps Transformation','2025-03-01','2026-04-15','Java, Spring Boot, Kubernetes','PM'),(75,'EMP038','PRJ004','Digital Workplace Rollout','2024-01-15','2026-01-08','Java, Spring Boot, Kubernetes','PM'),(76,'EMP039','PRJ001','Enterprise Data Lake','2023-01-10','2026-02-12','Java, Spring Boot, Kubernetes','Architect'),(77,'EMP040','PRJ009','Customer 360 Platform','2025-01-01','2026-06-18','Snowflake, dbt, Airflow','Tech Lead'),(78,'EMP041','PRJ007','ML Forecasting Platform','2024-07-01','2026-05-20','Snowflake, dbt, Airflow','QA'),(79,'EMP041','PRJ002','Cloud Migration Phase 1','2023-03-01','2026-03-10','Snowflake, dbt, Airflow','Architect'),(80,'EMP042','PRJ007','ML Forecasting Platform','2024-07-01','2026-05-20','Tableau, Python, S3','PM'),(81,'EMP043','PRJ009','Customer 360 Platform','2025-01-01','2026-06-18','Angular, Java, MySQL','PM'),(82,'EMP044','PRJ010','DevOps Transformation','2025-03-01','2026-04-15','Java, Spring Boot, Kubernetes','DevOps'),(83,'EMP045','PRJ005','BI Dashboard Suite','2024-02-01','2026-04-15','Java, Spring Boot, Kubernetes','Developer'),(84,'EMP045','PRJ003','AI-Powered CRM','2023-06-01','2026-05-20','Angular, Java, MySQL','DevOps'),(85,'EMP046','PRJ001','Enterprise Data Lake','2023-01-10','2026-02-12','Angular, Java, MySQL','BA'),(86,'EMP046','PRJ003','AI-Powered CRM','2023-06-01','2026-05-20','Angular, Java, MySQL','Tech Lead'),(87,'EMP046','PRJ006','ERP Modernization','2024-04-01','2026-06-18','Tableau, Python, S3','Architect'),(88,'EMP047','PRJ002','Cloud Migration Phase 1','2023-03-01','2026-03-10','Snowflake, dbt, Airflow','PM'),(89,'EMP047','PRJ004','Digital Workplace Rollout','2024-01-15','2026-01-08','Java, Spring Boot, Kubernetes','Tech Lead'),(90,'EMP048','PRJ006','ERP Modernization','2024-04-01','2026-06-18','Terraform, Docker, Jenkins','BA'),(91,'EMP048','PRJ008','Cybersecurity Revamp','2024-09-01','2025-12-18','Azure, Power BI, SQL','Tech Lead'),(92,'EMP048','PRJ001','Enterprise Data Lake','2023-01-10','2026-02-12','Snowflake, dbt, Airflow','QA'),(93,'EMP049','PRJ001','Enterprise Data Lake','2023-01-10','2026-02-12','Python, AWS, Spark','DevOps'),(94,'EMP050','PRJ007','ML Forecasting Platform','2024-07-01','2026-05-20','C#, .NET, Azure DevOps','Data Engineer'),(95,'EMP050','PRJ003','AI-Powered CRM','2023-06-01','2026-05-20','C#, .NET, Azure DevOps','PM'),(96,'EMP051','PRJ007','ML Forecasting Platform','2024-07-01','2026-05-20','Angular, Java, MySQL','BA'),(97,'EMP051','PRJ002','Cloud Migration Phase 1','2023-03-01','2026-03-10','Java, Spring Boot, Kubernetes','Data Engineer'),(98,'EMP051','PRJ008','Cybersecurity Revamp','2024-09-01','2025-12-18','React, Node.js, PostgreSQL','Developer'),(99,'EMP052','PRJ001','Enterprise Data Lake','2023-01-10','2026-02-12','Terraform, Docker, Jenkins','Tech Lead'),(100,'EMP052','PRJ006','ERP Modernization','2024-04-01','2026-06-18','React, Node.js, PostgreSQL','PM'),(101,'EMP053','PRJ007','ML Forecasting Platform','2024-07-01','2026-05-20','Java, Spring Boot, Kubernetes','Tech Lead'),(102,'EMP054','PRJ002','Cloud Migration Phase 1','2023-03-01','2026-03-10','Python, AWS, Spark','DevOps'),(103,'EMP054','PRJ006','ERP Modernization','2024-04-01','2026-06-18','Java, Spring Boot, Kubernetes','DevOps'),(104,'EMP054','PRJ008','Cybersecurity Revamp','2024-09-01','2025-12-18','Java, Spring Boot, Kubernetes','Developer'),(105,'EMP055','PRJ006','ERP Modernization','2024-04-01','2026-06-18','Azure, Power BI, SQL','BA'),(106,'EMP056','PRJ009','Customer 360 Platform','2025-01-01','2026-06-18','Terraform, Docker, Jenkins','QA'),(107,'EMP056','PRJ010','DevOps Transformation','2025-03-01','2026-04-15','Terraform, Docker, Jenkins','BA'),(108,'EMP057','PRJ001','Enterprise Data Lake','2023-01-10','2026-02-12','C#, .NET, Azure DevOps','Data Engineer'),(109,'EMP058','PRJ001','Enterprise Data Lake','2023-01-10','2026-02-12','Snowflake, dbt, Airflow','Developer'),(110,'EMP059','PRJ002','Cloud Migration Phase 1','2023-03-01','2026-03-10','Angular, Java, MySQL','Data Engineer'),(111,'EMP059','PRJ005','BI Dashboard Suite','2024-02-01','2026-04-15','Azure, Power BI, SQL','Tech Lead'),(112,'EMP060','PRJ004','Digital Workplace Rollout','2024-01-15','2026-01-08','Java, Spring Boot, Kubernetes','QA'),(113,'EMP061','PRJ008','Cybersecurity Revamp','2024-09-01','2025-12-18','React, Node.js, PostgreSQL','QA'),(114,'EMP062','PRJ008','Cybersecurity Revamp','2024-09-01','2025-12-18','Terraform, Docker, Jenkins','Tech Lead'),(115,'EMP062','PRJ010','DevOps Transformation','2025-03-01','2026-04-15','Go, gRPC, Redis','DevOps'),(116,'EMP063','PRJ006','ERP Modernization','2024-04-01','2026-06-18','C#, .NET, Azure DevOps','PM'),(117,'EMP064','PRJ008','Cybersecurity Revamp','2024-09-01','2025-12-18','Python, AWS, Spark','QA'),(118,'EMP065','PRJ008','Cybersecurity Revamp','2024-09-01','2025-12-18','Azure, Power BI, SQL','QA'),(119,'EMP065','PRJ005','BI Dashboard Suite','2024-02-01','2026-04-15','Angular, Java, MySQL','Developer'),(120,'EMP066','PRJ002','Cloud Migration Phase 1','2023-03-01','2026-03-10','React, Node.js, PostgreSQL','PM'),(121,'EMP067','PRJ007','ML Forecasting Platform','2024-07-01','2026-05-20','C#, .NET, Azure DevOps','DevOps'),(122,'EMP067','PRJ004','Digital Workplace Rollout','2024-01-15','2026-01-08','Go, gRPC, Redis','Data Engineer'),(123,'EMP067','PRJ001','Enterprise Data Lake','2023-01-10','2026-02-12','Angular, Java, MySQL','BA'),(124,'EMP068','PRJ005','BI Dashboard Suite','2024-02-01','2026-04-15','C#, .NET, Azure DevOps','Developer'),(125,'EMP068','PRJ002','Cloud Migration Phase 1','2023-03-01','2026-03-10','Go, gRPC, Redis','Architect'),(126,'EMP069','PRJ008','Cybersecurity Revamp','2024-09-01','2025-12-18','Java, Spring Boot, Kubernetes','Architect'),(127,'EMP070','PRJ004','Digital Workplace Rollout','2024-01-15','2026-01-08','Java, Spring Boot, Kubernetes','Developer'),(128,'EMP071','PRJ002','Cloud Migration Phase 1','2023-03-01','2026-03-10','Azure, Power BI, SQL','Architect'),(129,'EMP071','PRJ007','ML Forecasting Platform','2024-07-01','2026-05-20','Angular, Java, MySQL','QA'),(130,'EMP072','PRJ002','Cloud Migration Phase 1','2023-03-01','2026-03-10','C#, .NET, Azure DevOps','DevOps'),(131,'EMP072','PRJ010','DevOps Transformation','2025-03-01','2026-04-15','Go, gRPC, Redis','PM'),(132,'EMP073','PRJ009','Customer 360 Platform','2025-01-01','2026-06-18','Python, AWS, Spark','DevOps'),(133,'EMP073','PRJ008','Cybersecurity Revamp','2024-09-01','2025-12-18','React, Node.js, PostgreSQL','DevOps'),(134,'EMP074','PRJ003','AI-Powered CRM','2023-06-01','2026-05-20','Angular, Java, MySQL','Tech Lead'),(135,'EMP075','PRJ010','DevOps Transformation','2025-03-01','2026-04-15','React, Node.js, PostgreSQL','QA'),(136,'EMP076','PRJ006','ERP Modernization','2024-04-01','2026-06-18','C#, .NET, Azure DevOps','Data Engineer'),(137,'EMP076','PRJ007','ML Forecasting Platform','2024-07-01','2026-05-20','Angular, Java, MySQL','Data Engineer'),(138,'EMP076','PRJ005','BI Dashboard Suite','2024-02-01','2026-04-15','Python, AWS, Spark','Architect'),(139,'EMP077','PRJ007','ML Forecasting Platform','2024-07-01','2026-05-20','Angular, Java, MySQL','DevOps'),(140,'EMP077','PRJ003','AI-Powered CRM','2023-06-01','2026-05-20','Python, AWS, Spark','DevOps'),(141,'EMP078','PRJ004','Digital Workplace Rollout','2024-01-15','2026-01-08','Tableau, Python, S3','QA'),(142,'EMP078','PRJ001','Enterprise Data Lake','2023-01-10','2026-02-12','Snowflake, dbt, Airflow','Developer'),(143,'EMP079','PRJ005','BI Dashboard Suite','2024-02-01','2026-04-15','Terraform, Docker, Jenkins','Data Engineer'),(144,'EMP079','PRJ010','DevOps Transformation','2025-03-01','2026-04-15','React, Node.js, PostgreSQL','BA'),(145,'EMP080','PRJ005','BI Dashboard Suite','2024-02-01','2026-04-15','Tableau, Python, S3','PM'),(146,'EMP081','PRJ007','ML Forecasting Platform','2024-07-01','2026-05-20','Azure, Power BI, SQL','Data Engineer'),(147,'EMP081','PRJ002','Cloud Migration Phase 1','2023-03-01','2026-03-10','Azure, Power BI, SQL','DevOps'),(148,'EMP082','PRJ008','Cybersecurity Revamp','2024-09-01','2025-12-18','Python, AWS, Spark','Architect'),(149,'EMP082','PRJ009','Customer 360 Platform','2025-01-01','2026-06-18','React, Node.js, PostgreSQL','QA'),(150,'EMP082','PRJ006','ERP Modernization','2024-04-01','2026-06-18','Go, gRPC, Redis','DevOps'),(151,'EMP083','PRJ009','Customer 360 Platform','2025-01-01','2026-06-18','Angular, Java, MySQL','Developer'),(152,'EMP084','PRJ004','Digital Workplace Rollout','2024-01-15','2026-01-08','Azure, Power BI, SQL','Developer'),(153,'EMP085','PRJ001','Enterprise Data Lake','2023-01-10','2026-02-12','Tableau, Python, S3','Developer'),(154,'EMP086','PRJ004','Digital Workplace Rollout','2024-01-15','2026-01-08','Snowflake, dbt, Airflow','Data Engineer'),(155,'EMP086','PRJ005','BI Dashboard Suite','2024-02-01','2026-04-15','Go, gRPC, Redis','DevOps'),(156,'EMP087','PRJ002','Cloud Migration Phase 1','2023-03-01','2026-03-10','Snowflake, dbt, Airflow','Data Engineer'),(157,'EMP087','PRJ001','Enterprise Data Lake','2023-01-10','2026-02-12','Angular, Java, MySQL','Data Engineer'),(158,'EMP087','PRJ004','Digital Workplace Rollout','2024-01-15','2026-01-08','Java, Spring Boot, Kubernetes','Data Engineer'),(159,'EMP088','PRJ009','Customer 360 Platform','2025-01-01','2026-06-18','Java, Spring Boot, Kubernetes','QA'),(160,'EMP088','PRJ006','ERP Modernization','2024-04-01','2026-06-18','React, Node.js, PostgreSQL','QA'),(161,'EMP088','PRJ010','DevOps Transformation','2025-03-01','2026-04-15','Python, AWS, Spark','DevOps'),(162,'EMP089','PRJ003','AI-Powered CRM','2023-06-01','2026-05-20','Angular, Java, MySQL','BA'),(163,'EMP090','PRJ004','Digital Workplace Rollout','2024-01-15','2026-01-08','Azure, Power BI, SQL','QA'),(164,'EMP091','PRJ007','ML Forecasting Platform','2024-07-01','2026-05-20','Python, AWS, Spark','Data Engineer'),(165,'EMP091','PRJ009','Customer 360 Platform','2025-01-01','2026-06-18','Java, Spring Boot, Kubernetes','Architect'),(166,'EMP091','PRJ001','Enterprise Data Lake','2023-01-10','2026-02-12','Angular, Java, MySQL','Developer'),(167,'EMP092','PRJ005','BI Dashboard Suite','2024-02-01','2026-04-15','Angular, Java, MySQL','QA'),(168,'EMP093','PRJ005','BI Dashboard Suite','2024-02-01','2026-04-15','Snowflake, dbt, Airflow','Data Engineer'),(169,'EMP093','PRJ007','ML Forecasting Platform','2024-07-01','2026-05-20','Terraform, Docker, Jenkins','BA'),(170,'EMP093','PRJ009','Customer 360 Platform','2025-01-01','2026-06-18','Tableau, Python, S3','QA'),(171,'EMP094','PRJ009','Customer 360 Platform','2025-01-01','2026-06-18','Python, AWS, Spark','PM'),(172,'EMP094','PRJ007','ML Forecasting Platform','2024-07-01','2026-05-20','Go, gRPC, Redis','QA'),(173,'EMP094','PRJ002','Cloud Migration Phase 1','2023-03-01','2026-03-10','Terraform, Docker, Jenkins','Tech Lead'),(174,'EMP095','PRJ002','Cloud Migration Phase 1','2023-03-01','2026-03-10','Terraform, Docker, Jenkins','PM'),(175,'EMP095','PRJ006','ERP Modernization','2024-04-01','2026-06-18','Terraform, Docker, Jenkins','QA'),(176,'EMP096','PRJ005','BI Dashboard Suite','2024-02-01','2026-04-15','Go, gRPC, Redis','BA'),(177,'EMP096','PRJ004','Digital Workplace Rollout','2024-01-15','2026-01-08','Python, AWS, Spark','DevOps'),(178,'EMP096','PRJ003','AI-Powered CRM','2023-06-01','2026-05-20','Snowflake, dbt, Airflow','Architect'),(179,'EMP097','PRJ001','Enterprise Data Lake','2023-01-10','2026-02-12','Terraform, Docker, Jenkins','DevOps'),(180,'EMP097','PRJ008','Cybersecurity Revamp','2024-09-01','2025-12-18','C#, .NET, Azure DevOps','DevOps'),(181,'EMP097','PRJ005','BI Dashboard Suite','2024-02-01','2026-04-15','Python, AWS, Spark','BA'),(182,'EMP098','PRJ004','Digital Workplace Rollout','2024-01-15','2026-01-08','Tableau, Python, S3','PM'),(183,'EMP098','PRJ009','Customer 360 Platform','2025-01-01','2026-06-18','Go, gRPC, Redis','QA'),(184,'EMP099','PRJ009','Customer 360 Platform','2025-01-01','2026-06-18','Java, Spring Boot, Kubernetes','QA'),(185,'EMP100','PRJ008','Cybersecurity Revamp','2024-09-01','2025-12-18','Java, Spring Boot, Kubernetes','QA'),(186,'EMP001','PRJ009','Customer 360 Platform','2025-01-01','2026-06-18','','DevOps Engineer'),(187,'EMP037','PRJ005','BI Dashboard Suite','2024-02-01','2026-04-15','','Scrum Master'),(188,'EMP038','PRJ002','Cloud Migration Phase 1','2023-03-01','2026-03-10','','Scrum Master'),(189,'EMP039','PRJ007','ML Forecasting Platform','2024-07-01','2026-05-20','','Scrum Master'),(190,'EMP040','PRJ008','Cybersecurity Revamp','2024-09-01','2025-12-18','','Developer'),(191,'EMP041','PRJ005','BI Dashboard Suite','2024-02-01','2026-04-15','','Business Analyst'),(192,'EMP042','PRJ002','Cloud Migration Phase 1','2023-03-01','2026-03-10','','Lead Developer'),(193,'EMP043','PRJ005','BI Dashboard Suite','2024-02-01','2026-04-15','','Developer'),(194,'EMP044','PRJ001','Enterprise Data Lake','2023-01-10','2026-02-12','','Solution Architect'),(195,'EMP047','PRJ007','ML Forecasting Platform','2024-07-01','2026-05-20','','Business Analyst'),(196,'EMP048','PRJ003','AI-Powered CRM','2023-06-01','2026-05-20','','Business Analyst'),(197,'EMP049','PRJ008','Cybersecurity Revamp','2024-09-01','2025-12-18','','Solution Architect'),(198,'EMP050','PRJ008','Cybersecurity Revamp','2024-09-01','2025-12-18','','Solution Architect'),(199,'EMP052','PRJ005','BI Dashboard Suite','2024-02-01','2026-04-15','','Project Manager'),(200,'EMP053','PRJ005','BI Dashboard Suite','2024-02-01','2026-04-15','','Business Analyst'),(201,'EMP055','PRJ010','DevOps Transformation','2025-03-01','2026-04-15','','Solution Architect'),(202,'EMP056','PRJ007','ML Forecasting Platform','2024-07-01','2026-05-20','','Solution Architect'),(203,'EMP058','PRJ004','Digital Workplace Rollout','2024-01-15','2026-01-08','','Scrum Master'),(204,'EMP059','PRJ010','DevOps Transformation','2025-03-01','2026-04-15','','Solution Architect'),(205,'EMP060','PRJ003','AI-Powered CRM','2023-06-01','2026-05-20','','Lead Developer'),(206,'EMP061','PRJ005','BI Dashboard Suite','2024-02-01','2026-04-15','','DevOps Engineer'),(207,'EMP062','PRJ003','AI-Powered CRM','2023-06-01','2026-05-20','','Lead Developer'),(208,'EMP063','PRJ007','ML Forecasting Platform','2024-07-01','2026-05-20','','QA Engineer'),(209,'EMP064','PRJ009','Customer 360 Platform','2025-01-01','2026-06-18','','Scrum Master'),(210,'EMP066','PRJ008','Cybersecurity Revamp','2024-09-01','2025-12-18','','Solution Architect'),(211,'EMP067','PRJ002','Cloud Migration Phase 1','2023-03-01','2026-03-10','','DevOps Engineer'),(212,'EMP068','PRJ004','Digital Workplace Rollout','2024-01-15','2026-01-08','','Project Manager'),(213,'EMP069','PRJ007','ML Forecasting Platform','2024-07-01','2026-05-20','','Developer'),(214,'EMP070','PRJ008','Cybersecurity Revamp','2024-09-01','2025-12-18','','Scrum Master'),(215,'EMP071','PRJ005','BI Dashboard Suite','2024-02-01','2026-04-15','','Project Manager'),(216,'EMP074','PRJ002','Cloud Migration Phase 1','2023-03-01','2026-03-10','','DevOps Engineer'),(217,'EMP075','PRJ007','ML Forecasting Platform','2024-07-01','2026-05-20','','Lead Developer'),(218,'EMP076','PRJ001','Enterprise Data Lake','2023-01-10','2026-02-12','','Solution Architect'),(219,'EMP077','PRJ004','Digital Workplace Rollout','2024-01-15','2026-01-08','','QA Engineer'),(220,'EMP078','PRJ009','Customer 360 Platform','2025-01-01','2026-06-18','','Project Manager'),(221,'EMP079','PRJ003','AI-Powered CRM','2023-06-01','2026-05-20','','Project Manager'),(222,'EMP080','PRJ008','Cybersecurity Revamp','2024-09-01','2025-12-18','','Project Manager'),(223,'EMP081','PRJ006','ERP Modernization','2024-04-01','2026-06-18','','Business Analyst'),(224,'EMP082','PRJ004','Digital Workplace Rollout','2024-01-15','2026-01-08','','Scrum Master'),(225,'EMP083','PRJ006','ERP Modernization','2024-04-01','2026-06-18','','Scrum Master'),(226,'EMP085','PRJ004','Digital Workplace Rollout','2024-01-15','2026-01-08','','Developer'),(227,'EMP087','PRJ009','Customer 360 Platform','2025-01-01','2026-06-18','','Business Analyst'),(228,'EMP088','PRJ004','Digital Workplace Rollout','2024-01-15','2026-01-08','','Scrum Master'),(229,'EMP089','PRJ010','DevOps Transformation','2025-03-01','2026-04-15','','Developer'),(230,'EMP090','PRJ003','AI-Powered CRM','2023-06-01','2026-05-20','','QA Engineer'),(231,'EMP091','PRJ003','AI-Powered CRM','2023-06-01','2026-05-20','','Lead Developer'),(232,'EMP092','PRJ003','AI-Powered CRM','2023-06-01','2026-05-20','','Developer'),(233,'EMP093','PRJ004','Digital Workplace Rollout','2024-01-15','2026-01-08','','Scrum Master'),(234,'EMP094','PRJ001','Enterprise Data Lake','2023-01-10','2026-02-12','','QA Engineer'),(235,'EMP096','PRJ006','ERP Modernization','2024-04-01','2026-06-18','','Lead Developer'),(236,'EMP097','PRJ010','DevOps Transformation','2025-03-01','2026-04-15','','Developer'),(237,'EMP099','PRJ001','Enterprise Data Lake','2023-01-10','2026-02-12','','Developer'),(238,'EMP019','PRJ102','Nimbus Cloud Optimization','2026-05-15','2026-07-16','Not Specified','Solution Architect');
/*!40000 ALTER TABLE `project_history` ENABLE KEYS */;
UNLOCK TABLES;

--
-- Table structure for table `project_history_backup`
--

DROP TABLE IF EXISTS `project_history_backup`;
/*!40101 SET @saved_cs_client     = @@character_set_client */;
/*!50503 SET character_set_client = utf8mb4 */;
CREATE TABLE `project_history_backup` (
  `my_row_id` bigint unsigned NOT NULL AUTO_INCREMENT /*!80023 INVISIBLE */,
  `EmployeeID` varchar(10) DEFAULT NULL,
  `ProjectID` varchar(20) DEFAULT NULL,
  `ProjectName` varchar(100) DEFAULT NULL,
  `StartDate` date DEFAULT NULL,
  `EndDate` date DEFAULT NULL,
  `TechnologyUsed` varchar(200) DEFAULT NULL,
  `ProjectRole` varchar(50) DEFAULT NULL,
  PRIMARY KEY (`my_row_id`)
) ENGINE=InnoDB AUTO_INCREMENT=186 DEFAULT CHARSET=utf8mb4 COLLATE=utf8mb4_0900_ai_ci;
/*!40101 SET character_set_client = @saved_cs_client */;

--
-- Dumping data for table `project_history_backup`
--

LOCK TABLES `project_history_backup` WRITE;
/*!40000 ALTER TABLE `project_history_backup` DISABLE KEYS */;
INSERT INTO `project_history_backup` (`my_row_id`, `EmployeeID`, `ProjectID`, `ProjectName`, `StartDate`, `EndDate`, `TechnologyUsed`, `ProjectRole`) VALUES (1,'EMP001','PRJ006','ERP Modernization','2024-04-01','2025-03-31','Java, Spring Boot, Kubernetes','Architect'),(2,'EMP001','PRJ007','ML Forecasting Platform','2024-07-01','2025-06-30','Python, AWS, Spark','DevOps'),(3,'EMP002','PRJ006','ERP Modernization','2024-04-01','2025-03-31','Azure, Power BI, SQL','DevOps'),(4,'EMP003','PRJ006','ERP Modernization','2024-04-01','2025-03-31','Angular, Java, MySQL','PM'),(5,'EMP003','PRJ005','BI Dashboard Suite','2024-02-01','2024-10-31','React, Node.js, PostgreSQL','Developer'),(6,'EMP003','PRJ002','Cloud Migration Phase 1','2023-03-01','2023-09-30','Java, Spring Boot, Kubernetes','BA'),(7,'EMP004','PRJ001','Enterprise Data Lake','2023-01-10','2023-12-31','Tableau, Python, S3','QA'),(8,'EMP004','PRJ007','ML Forecasting Platform','2024-07-01','2025-06-30','Terraform, Docker, Jenkins','PM'),(9,'EMP004','PRJ002','Cloud Migration Phase 1','2023-03-01','2023-09-30','React, Node.js, PostgreSQL','Data Engineer'),(10,'EMP005','PRJ006','ERP Modernization','2024-04-01','2025-03-31','Azure, Power BI, SQL','QA'),(11,'EMP006','PRJ005','BI Dashboard Suite','2024-02-01','2024-10-31','Snowflake, dbt, Airflow','Data Engineer'),(12,'EMP006','PRJ004','Digital Workplace Rollout','2024-01-15','2024-08-31','Azure, Power BI, SQL','BA'),(13,'EMP006','PRJ008','Cybersecurity Revamp','2024-09-01','2025-09-30','Java, Spring Boot, Kubernetes','Developer'),(14,'EMP007','PRJ001','Enterprise Data Lake','2023-01-10','2023-12-31','Go, gRPC, Redis','PM'),(15,'EMP007','PRJ004','Digital Workplace Rollout','2024-01-15','2024-08-31','Python, AWS, Spark','PM'),(16,'EMP008','PRJ007','ML Forecasting Platform','2024-07-01','2025-06-30','Terraform, Docker, Jenkins','Tech Lead'),(17,'EMP009','PRJ009','Customer 360 Platform','2025-01-01','2025-12-31','Azure, Power BI, SQL','DevOps'),(18,'EMP010','PRJ001','Enterprise Data Lake','2023-01-10','2023-12-31','Terraform, Docker, Jenkins','Tech Lead'),(19,'EMP010','PRJ003','AI-Powered CRM','2023-06-01','2024-03-31','Python, AWS, Spark','BA'),(20,'EMP011','PRJ007','ML Forecasting Platform','2024-07-01','2025-06-30','React, Node.js, PostgreSQL','Tech Lead'),(21,'EMP011','PRJ006','ERP Modernization','2024-04-01','2025-03-31','Go, gRPC, Redis','Architect'),(22,'EMP011','PRJ008','Cybersecurity Revamp','2024-09-01','2025-09-30','C#, .NET, Azure DevOps','Tech Lead'),(23,'EMP012','PRJ010','DevOps Transformation','2025-03-01','2025-12-31','Java, Spring Boot, Kubernetes','BA'),(24,'EMP012','PRJ001','Enterprise Data Lake','2023-01-10','2023-12-31','Terraform, Docker, Jenkins','QA'),(25,'EMP012','PRJ007','ML Forecasting Platform','2024-07-01','2025-06-30','Snowflake, dbt, Airflow','DevOps'),(26,'EMP013','PRJ006','ERP Modernization','2024-04-01','2025-03-31','Terraform, Docker, Jenkins','BA'),(27,'EMP013','PRJ010','DevOps Transformation','2025-03-01','2025-12-31','React, Node.js, PostgreSQL','BA'),(28,'EMP013','PRJ008','Cybersecurity Revamp','2024-09-01','2025-09-30','Java, Spring Boot, Kubernetes','Tech Lead'),(29,'EMP014','PRJ002','Cloud Migration Phase 1','2023-03-01','2023-09-30','Java, Spring Boot, Kubernetes','Data Engineer'),(30,'EMP015','PRJ006','ERP Modernization','2024-04-01','2025-03-31','React, Node.js, PostgreSQL','PM'),(31,'EMP015','PRJ007','ML Forecasting Platform','2024-07-01','2025-06-30','Azure, Power BI, SQL','Data Engineer'),(32,'EMP016','PRJ008','Cybersecurity Revamp','2024-09-01','2025-09-30','React, Node.js, PostgreSQL','Tech Lead'),(33,'EMP016','PRJ005','BI Dashboard Suite','2024-02-01','2024-10-31','Java, Spring Boot, Kubernetes','QA'),(34,'EMP017','PRJ010','DevOps Transformation','2025-03-01','2025-12-31','Snowflake, dbt, Airflow','Architect'),(35,'EMP017','PRJ001','Enterprise Data Lake','2023-01-10','2023-12-31','React, Node.js, PostgreSQL','BA'),(36,'EMP017','PRJ004','Digital Workplace Rollout','2024-01-15','2024-08-31','Snowflake, dbt, Airflow','DevOps'),(37,'EMP018','PRJ001','Enterprise Data Lake','2023-01-10','2023-12-31','Java, Spring Boot, Kubernetes','Developer'),(38,'EMP018','PRJ005','BI Dashboard Suite','2024-02-01','2024-10-31','C#, .NET, Azure DevOps','Data Engineer'),(39,'EMP018','PRJ009','Customer 360 Platform','2025-01-01','2025-12-31','Go, gRPC, Redis','BA'),(40,'EMP019','PRJ008','Cybersecurity Revamp','2024-09-01','2025-09-30','React, Node.js, PostgreSQL','Architect'),(41,'EMP020','PRJ001','Enterprise Data Lake','2023-01-10','2023-12-31','Python, AWS, Spark','BA'),(42,'EMP021','PRJ004','Digital Workplace Rollout','2024-01-15','2024-08-31','C#, .NET, Azure DevOps','PM'),(43,'EMP022','PRJ002','Cloud Migration Phase 1','2023-03-01','2023-09-30','Python, AWS, Spark','Tech Lead'),(44,'EMP022','PRJ005','BI Dashboard Suite','2024-02-01','2024-10-31','Azure, Power BI, SQL','Data Engineer'),(45,'EMP022','PRJ010','DevOps Transformation','2025-03-01','2025-12-31','Java, Spring Boot, Kubernetes','Tech Lead'),(46,'EMP023','PRJ002','Cloud Migration Phase 1','2023-03-01','2023-09-30','Tableau, Python, S3','Developer'),(47,'EMP023','PRJ001','Enterprise Data Lake','2023-01-10','2023-12-31','Java, Spring Boot, Kubernetes','DevOps'),(48,'EMP024','PRJ007','ML Forecasting Platform','2024-07-01','2025-06-30','C#, .NET, Azure DevOps','DevOps'),(49,'EMP024','PRJ008','Cybersecurity Revamp','2024-09-01','2025-09-30','Java, Spring Boot, Kubernetes','PM'),(50,'EMP024','PRJ001','Enterprise Data Lake','2023-01-10','2023-12-31','Azure, Power BI, SQL','Architect'),(51,'EMP025','PRJ005','BI Dashboard Suite','2024-02-01','2024-10-31','Java, Spring Boot, Kubernetes','Developer'),(52,'EMP025','PRJ008','Cybersecurity Revamp','2024-09-01','2025-09-30','Angular, Java, MySQL','BA'),(53,'EMP026','PRJ005','BI Dashboard Suite','2024-02-01','2024-10-31','Go, gRPC, Redis','Data Engineer'),(54,'EMP026','PRJ008','Cybersecurity Revamp','2024-09-01','2025-09-30','Python, AWS, Spark','Tech Lead'),(55,'EMP026','PRJ007','ML Forecasting Platform','2024-07-01','2025-06-30','Terraform, Docker, Jenkins','DevOps'),(56,'EMP027','PRJ007','ML Forecasting Platform','2024-07-01','2025-06-30','Azure, Power BI, SQL','BA'),(57,'EMP028','PRJ009','Customer 360 Platform','2025-01-01','2025-12-31','Snowflake, dbt, Airflow','Data Engineer'),(58,'EMP028','PRJ001','Enterprise Data Lake','2023-01-10','2023-12-31','Go, gRPC, Redis','Data Engineer'),(59,'EMP028','PRJ007','ML Forecasting Platform','2024-07-01','2025-06-30','Snowflake, dbt, Airflow','PM'),(60,'EMP029','PRJ005','BI Dashboard Suite','2024-02-01','2024-10-31','Python, AWS, Spark','PM'),(61,'EMP029','PRJ003','AI-Powered CRM','2023-06-01','2024-03-31','Angular, Java, MySQL','BA'),(62,'EMP030','PRJ005','BI Dashboard Suite','2024-02-01','2024-10-31','Python, AWS, Spark','Data Engineer'),(63,'EMP031','PRJ006','ERP Modernization','2024-04-01','2025-03-31','React, Node.js, PostgreSQL','BA'),(64,'EMP031','PRJ004','Digital Workplace Rollout','2024-01-15','2024-08-31','Azure, Power BI, SQL','QA'),(65,'EMP031','PRJ003','AI-Powered CRM','2023-06-01','2024-03-31','Go, gRPC, Redis','Developer'),(66,'EMP032','PRJ010','DevOps Transformation','2025-03-01','2025-12-31','C#, .NET, Azure DevOps','PM'),(67,'EMP033','PRJ003','AI-Powered CRM','2023-06-01','2024-03-31','Azure, Power BI, SQL','PM'),(68,'EMP034','PRJ006','ERP Modernization','2024-04-01','2025-03-31','Angular, Java, MySQL','Architect'),(69,'EMP034','PRJ001','Enterprise Data Lake','2023-01-10','2023-12-31','Angular, Java, MySQL','BA'),(70,'EMP034','PRJ010','DevOps Transformation','2025-03-01','2025-12-31','Tableau, Python, S3','QA'),(71,'EMP035','PRJ008','Cybersecurity Revamp','2024-09-01','2025-09-30','Python, AWS, Spark','Tech Lead'),(72,'EMP036','PRJ004','Digital Workplace Rollout','2024-01-15','2024-08-31','Angular, Java, MySQL','BA'),(73,'EMP037','PRJ009','Customer 360 Platform','2025-01-01','2025-12-31','Tableau, Python, S3','Developer'),(74,'EMP038','PRJ010','DevOps Transformation','2025-03-01','2025-12-31','Java, Spring Boot, Kubernetes','PM'),(75,'EMP038','PRJ004','Digital Workplace Rollout','2024-01-15','2024-08-31','Java, Spring Boot, Kubernetes','PM'),(76,'EMP039','PRJ001','Enterprise Data Lake','2023-01-10','2023-12-31','Java, Spring Boot, Kubernetes','Architect'),(77,'EMP040','PRJ009','Customer 360 Platform','2025-01-01','2025-12-31','Snowflake, dbt, Airflow','Tech Lead'),(78,'EMP041','PRJ007','ML Forecasting Platform','2024-07-01','2025-06-30','Snowflake, dbt, Airflow','QA'),(79,'EMP041','PRJ002','Cloud Migration Phase 1','2023-03-01','2023-09-30','Snowflake, dbt, Airflow','Architect'),(80,'EMP042','PRJ007','ML Forecasting Platform','2024-07-01','2025-06-30','Tableau, Python, S3','PM'),(81,'EMP043','PRJ009','Customer 360 Platform','2025-01-01','2025-12-31','Angular, Java, MySQL','PM'),(82,'EMP044','PRJ010','DevOps Transformation','2025-03-01','2025-12-31','Java, Spring Boot, Kubernetes','DevOps'),(83,'EMP045','PRJ005','BI Dashboard Suite','2024-02-01','2024-10-31','Java, Spring Boot, Kubernetes','Developer'),(84,'EMP045','PRJ003','AI-Powered CRM','2023-06-01','2024-03-31','Angular, Java, MySQL','DevOps'),(85,'EMP046','PRJ001','Enterprise Data Lake','2023-01-10','2023-12-31','Angular, Java, MySQL','BA'),(86,'EMP046','PRJ003','AI-Powered CRM','2023-06-01','2024-03-31','Angular, Java, MySQL','Tech Lead'),(87,'EMP046','PRJ006','ERP Modernization','2024-04-01','2025-03-31','Tableau, Python, S3','Architect'),(88,'EMP047','PRJ002','Cloud Migration Phase 1','2023-03-01','2023-09-30','Snowflake, dbt, Airflow','PM'),(89,'EMP047','PRJ004','Digital Workplace Rollout','2024-01-15','2024-08-31','Java, Spring Boot, Kubernetes','Tech Lead'),(90,'EMP048','PRJ006','ERP Modernization','2024-04-01','2025-03-31','Terraform, Docker, Jenkins','BA'),(91,'EMP048','PRJ008','Cybersecurity Revamp','2024-09-01','2025-09-30','Azure, Power BI, SQL','Tech Lead'),(92,'EMP048','PRJ001','Enterprise Data Lake','2023-01-10','2023-12-31','Snowflake, dbt, Airflow','QA'),(93,'EMP049','PRJ001','Enterprise Data Lake','2023-01-10','2023-12-31','Python, AWS, Spark','DevOps'),(94,'EMP050','PRJ007','ML Forecasting Platform','2024-07-01','2025-06-30','C#, .NET, Azure DevOps','Data Engineer'),(95,'EMP050','PRJ003','AI-Powered CRM','2023-06-01','2024-03-31','C#, .NET, Azure DevOps','PM'),(96,'EMP051','PRJ007','ML Forecasting Platform','2024-07-01','2025-06-30','Angular, Java, MySQL','BA'),(97,'EMP051','PRJ002','Cloud Migration Phase 1','2023-03-01','2023-09-30','Java, Spring Boot, Kubernetes','Data Engineer'),(98,'EMP051','PRJ008','Cybersecurity Revamp','2024-09-01','2025-09-30','React, Node.js, PostgreSQL','Developer'),(99,'EMP052','PRJ001','Enterprise Data Lake','2023-01-10','2023-12-31','Terraform, Docker, Jenkins','Tech Lead'),(100,'EMP052','PRJ006','ERP Modernization','2024-04-01','2025-03-31','React, Node.js, PostgreSQL','PM'),(101,'EMP053','PRJ007','ML Forecasting Platform','2024-07-01','2025-06-30','Java, Spring Boot, Kubernetes','Tech Lead'),(102,'EMP054','PRJ002','Cloud Migration Phase 1','2023-03-01','2023-09-30','Python, AWS, Spark','DevOps'),(103,'EMP054','PRJ006','ERP Modernization','2024-04-01','2025-03-31','Java, Spring Boot, Kubernetes','DevOps'),(104,'EMP054','PRJ008','Cybersecurity Revamp','2024-09-01','2025-09-30','Java, Spring Boot, Kubernetes','Developer'),(105,'EMP055','PRJ006','ERP Modernization','2024-04-01','2025-03-31','Azure, Power BI, SQL','BA'),(106,'EMP056','PRJ009','Customer 360 Platform','2025-01-01','2025-12-31','Terraform, Docker, Jenkins','QA'),(107,'EMP056','PRJ010','DevOps Transformation','2025-03-01','2025-12-31','Terraform, Docker, Jenkins','BA'),(108,'EMP057','PRJ001','Enterprise Data Lake','2023-01-10','2023-12-31','C#, .NET, Azure DevOps','Data Engineer'),(109,'EMP058','PRJ001','Enterprise Data Lake','2023-01-10','2023-12-31','Snowflake, dbt, Airflow','Developer'),(110,'EMP059','PRJ002','Cloud Migration Phase 1','2023-03-01','2023-09-30','Angular, Java, MySQL','Data Engineer'),(111,'EMP059','PRJ005','BI Dashboard Suite','2024-02-01','2024-10-31','Azure, Power BI, SQL','Tech Lead'),(112,'EMP060','PRJ004','Digital Workplace Rollout','2024-01-15','2024-08-31','Java, Spring Boot, Kubernetes','QA'),(113,'EMP061','PRJ008','Cybersecurity Revamp','2024-09-01','2025-09-30','React, Node.js, PostgreSQL','QA'),(114,'EMP062','PRJ008','Cybersecurity Revamp','2024-09-01','2025-09-30','Terraform, Docker, Jenkins','Tech Lead'),(115,'EMP062','PRJ010','DevOps Transformation','2025-03-01','2025-12-31','Go, gRPC, Redis','DevOps'),(116,'EMP063','PRJ006','ERP Modernization','2024-04-01','2025-03-31','C#, .NET, Azure DevOps','PM'),(117,'EMP064','PRJ008','Cybersecurity Revamp','2024-09-01','2025-09-30','Python, AWS, Spark','QA'),(118,'EMP065','PRJ008','Cybersecurity Revamp','2024-09-01','2025-09-30','Azure, Power BI, SQL','QA'),(119,'EMP065','PRJ005','BI Dashboard Suite','2024-02-01','2024-10-31','Angular, Java, MySQL','Developer'),(120,'EMP066','PRJ002','Cloud Migration Phase 1','2023-03-01','2023-09-30','React, Node.js, PostgreSQL','PM'),(121,'EMP067','PRJ007','ML Forecasting Platform','2024-07-01','2025-06-30','C#, .NET, Azure DevOps','DevOps'),(122,'EMP067','PRJ004','Digital Workplace Rollout','2024-01-15','2024-08-31','Go, gRPC, Redis','Data Engineer'),(123,'EMP067','PRJ001','Enterprise Data Lake','2023-01-10','2023-12-31','Angular, Java, MySQL','BA'),(124,'EMP068','PRJ005','BI Dashboard Suite','2024-02-01','2024-10-31','C#, .NET, Azure DevOps','Developer'),(125,'EMP068','PRJ002','Cloud Migration Phase 1','2023-03-01','2023-09-30','Go, gRPC, Redis','Architect'),(126,'EMP069','PRJ008','Cybersecurity Revamp','2024-09-01','2025-09-30','Java, Spring Boot, Kubernetes','Architect'),(127,'EMP070','PRJ004','Digital Workplace Rollout','2024-01-15','2024-08-31','Java, Spring Boot, Kubernetes','Developer'),(128,'EMP071','PRJ002','Cloud Migration Phase 1','2023-03-01','2023-09-30','Azure, Power BI, SQL','Architect'),(129,'EMP071','PRJ007','ML Forecasting Platform','2024-07-01','2025-06-30','Angular, Java, MySQL','QA'),(130,'EMP072','PRJ002','Cloud Migration Phase 1','2023-03-01','2023-09-30','C#, .NET, Azure DevOps','DevOps'),(131,'EMP072','PRJ010','DevOps Transformation','2025-03-01','2025-12-31','Go, gRPC, Redis','PM'),(132,'EMP073','PRJ009','Customer 360 Platform','2025-01-01','2025-12-31','Python, AWS, Spark','DevOps'),(133,'EMP073','PRJ008','Cybersecurity Revamp','2024-09-01','2025-09-30','React, Node.js, PostgreSQL','DevOps'),(134,'EMP074','PRJ003','AI-Powered CRM','2023-06-01','2024-03-31','Angular, Java, MySQL','Tech Lead'),(135,'EMP075','PRJ010','DevOps Transformation','2025-03-01','2025-12-31','React, Node.js, PostgreSQL','QA'),(136,'EMP076','PRJ006','ERP Modernization','2024-04-01','2025-03-31','C#, .NET, Azure DevOps','Data Engineer'),(137,'EMP076','PRJ007','ML Forecasting Platform','2024-07-01','2025-06-30','Angular, Java, MySQL','Data Engineer'),(138,'EMP076','PRJ005','BI Dashboard Suite','2024-02-01','2024-10-31','Python, AWS, Spark','Architect'),(139,'EMP077','PRJ007','ML Forecasting Platform','2024-07-01','2025-06-30','Angular, Java, MySQL','DevOps'),(140,'EMP077','PRJ003','AI-Powered CRM','2023-06-01','2024-03-31','Python, AWS, Spark','DevOps'),(141,'EMP078','PRJ004','Digital Workplace Rollout','2024-01-15','2024-08-31','Tableau, Python, S3','QA'),(142,'EMP078','PRJ001','Enterprise Data Lake','2023-01-10','2023-12-31','Snowflake, dbt, Airflow','Developer'),(143,'EMP079','PRJ005','BI Dashboard Suite','2024-02-01','2024-10-31','Terraform, Docker, Jenkins','Data Engineer'),(144,'EMP079','PRJ010','DevOps Transformation','2025-03-01','2025-12-31','React, Node.js, PostgreSQL','BA'),(145,'EMP080','PRJ005','BI Dashboard Suite','2024-02-01','2024-10-31','Tableau, Python, S3','PM'),(146,'EMP081','PRJ007','ML Forecasting Platform','2024-07-01','2025-06-30','Azure, Power BI, SQL','Data Engineer'),(147,'EMP081','PRJ002','Cloud Migration Phase 1','2023-03-01','2023-09-30','Azure, Power BI, SQL','DevOps'),(148,'EMP082','PRJ008','Cybersecurity Revamp','2024-09-01','2025-09-30','Python, AWS, Spark','Architect'),(149,'EMP082','PRJ009','Customer 360 Platform','2025-01-01','2025-12-31','React, Node.js, PostgreSQL','QA'),(150,'EMP082','PRJ006','ERP Modernization','2024-04-01','2025-03-31','Go, gRPC, Redis','DevOps'),(151,'EMP083','PRJ009','Customer 360 Platform','2025-01-01','2025-12-31','Angular, Java, MySQL','Developer'),(152,'EMP084','PRJ004','Digital Workplace Rollout','2024-01-15','2024-08-31','Azure, Power BI, SQL','Developer'),(153,'EMP085','PRJ001','Enterprise Data Lake','2023-01-10','2023-12-31','Tableau, Python, S3','Developer'),(154,'EMP086','PRJ004','Digital Workplace Rollout','2024-01-15','2024-08-31','Snowflake, dbt, Airflow','Data Engineer'),(155,'EMP086','PRJ005','BI Dashboard Suite','2024-02-01','2024-10-31','Go, gRPC, Redis','DevOps'),(156,'EMP087','PRJ002','Cloud Migration Phase 1','2023-03-01','2023-09-30','Snowflake, dbt, Airflow','Data Engineer'),(157,'EMP087','PRJ001','Enterprise Data Lake','2023-01-10','2023-12-31','Angular, Java, MySQL','Data Engineer'),(158,'EMP087','PRJ004','Digital Workplace Rollout','2024-01-15','2024-08-31','Java, Spring Boot, Kubernetes','Data Engineer'),(159,'EMP088','PRJ009','Customer 360 Platform','2025-01-01','2025-12-31','Java, Spring Boot, Kubernetes','QA'),(160,'EMP088','PRJ006','ERP Modernization','2024-04-01','2025-03-31','React, Node.js, PostgreSQL','QA'),(161,'EMP088','PRJ010','DevOps Transformation','2025-03-01','2025-12-31','Python, AWS, Spark','DevOps'),(162,'EMP089','PRJ003','AI-Powered CRM','2023-06-01','2024-03-31','Angular, Java, MySQL','BA'),(163,'EMP090','PRJ004','Digital Workplace Rollout','2024-01-15','2024-08-31','Azure, Power BI, SQL','QA'),(164,'EMP091','PRJ007','ML Forecasting Platform','2024-07-01','2025-06-30','Python, AWS, Spark','Data Engineer'),(165,'EMP091','PRJ009','Customer 360 Platform','2025-01-01','2025-12-31','Java, Spring Boot, Kubernetes','Architect'),(166,'EMP091','PRJ001','Enterprise Data Lake','2023-01-10','2023-12-31','Angular, Java, MySQL','Developer'),(167,'EMP092','PRJ005','BI Dashboard Suite','2024-02-01','2024-10-31','Angular, Java, MySQL','QA'),(168,'EMP093','PRJ005','BI Dashboard Suite','2024-02-01','2024-10-31','Snowflake, dbt, Airflow','Data Engineer'),(169,'EMP093','PRJ007','ML Forecasting Platform','2024-07-01','2025-06-30','Terraform, Docker, Jenkins','BA'),(170,'EMP093','PRJ009','Customer 360 Platform','2025-01-01','2025-12-31','Tableau, Python, S3','QA'),(171,'EMP094','PRJ009','Customer 360 Platform','2025-01-01','2025-12-31','Python, AWS, Spark','PM'),(172,'EMP094','PRJ007','ML Forecasting Platform','2024-07-01','2025-06-30','Go, gRPC, Redis','QA'),(173,'EMP094','PRJ002','Cloud Migration Phase 1','2023-03-01','2023-09-30','Terraform, Docker, Jenkins','Tech Lead'),(174,'EMP095','PRJ002','Cloud Migration Phase 1','2023-03-01','2023-09-30','Terraform, Docker, Jenkins','PM'),(175,'EMP095','PRJ006','ERP Modernization','2024-04-01','2025-03-31','Terraform, Docker, Jenkins','QA'),(176,'EMP096','PRJ005','BI Dashboard Suite','2024-02-01','2024-10-31','Go, gRPC, Redis','BA'),(177,'EMP096','PRJ004','Digital Workplace Rollout','2024-01-15','2024-08-31','Python, AWS, Spark','DevOps'),(178,'EMP096','PRJ003','AI-Powered CRM','2023-06-01','2024-03-31','Snowflake, dbt, Airflow','Architect'),(179,'EMP097','PRJ001','Enterprise Data Lake','2023-01-10','2023-12-31','Terraform, Docker, Jenkins','DevOps'),(180,'EMP097','PRJ008','Cybersecurity Revamp','2024-09-01','2025-09-30','C#, .NET, Azure DevOps','DevOps'),(181,'EMP097','PRJ005','BI Dashboard Suite','2024-02-01','2024-10-31','Python, AWS, Spark','BA'),(182,'EMP098','PRJ004','Digital Workplace Rollout','2024-01-15','2024-08-31','Tableau, Python, S3','PM'),(183,'EMP098','PRJ009','Customer 360 Platform','2025-01-01','2025-12-31','Go, gRPC, Redis','QA'),(184,'EMP099','PRJ009','Customer 360 Platform','2025-01-01','2025-12-31','Java, Spring Boot, Kubernetes','QA'),(185,'EMP100','PRJ008','Cybersecurity Revamp','2024-09-01','2025-09-30','Java, Spring Boot, Kubernetes','QA');
/*!40000 ALTER TABLE `project_history_backup` ENABLE KEYS */;
UNLOCK TABLES;

--
-- Table structure for table `project_management`
--

DROP TABLE IF EXISTS `project_management`;
/*!40101 SET @saved_cs_client     = @@character_set_client */;
/*!50503 SET character_set_client = utf8mb4 */;
CREATE TABLE `project_management` (
  `my_row_id` bigint unsigned NOT NULL AUTO_INCREMENT /*!80023 INVISIBLE */,
  `EmployeeID` varchar(10) DEFAULT NULL,
  `ProjectID` varchar(20) DEFAULT NULL,
  `ProjectName` varchar(100) DEFAULT NULL,
  `ProjectStartDate` date DEFAULT NULL,
  `ProjectEndDate` date DEFAULT NULL,
  `ProjectStatus` varchar(50) DEFAULT NULL,
  `EmployeeRole` varchar(50) DEFAULT NULL,
  `AllocationPercentage` int DEFAULT NULL,
  `BillableStatus` varchar(30) DEFAULT NULL,
  PRIMARY KEY (`my_row_id`)
) ENGINE=InnoDB AUTO_INCREMENT=38 DEFAULT CHARSET=utf8mb4 COLLATE=utf8mb4_0900_ai_ci;
/*!40101 SET character_set_client = @saved_cs_client */;

--
-- Dumping data for table `project_management`
--

LOCK TABLES `project_management` WRITE;
/*!40000 ALTER TABLE `project_management` DISABLE KEYS */;
INSERT INTO `project_management` (`my_row_id`, `EmployeeID`, `ProjectID`, `ProjectName`, `ProjectStartDate`, `ProjectEndDate`, `ProjectStatus`, `EmployeeRole`, `AllocationPercentage`, `BillableStatus`) VALUES (1,'EMP002','PRJ101','Astra Workforce Analytics','2026-04-01','2027-03-31','In Progress','Project Manager',100,'Billable'),(2,'EMP003','PRJ102','Nimbus Cloud Optimization','2026-05-15','2027-05-14','In Progress','Solution Architect',50,'Billable'),(3,'EMP004','PRJ103','Sentinel Security Modernization','2026-06-01','2027-02-28','In Progress','Lead Developer',100,'Non-Billable'),(4,'EMP005','PRJ104','Pulse Customer Intelligence','2026-03-10','2027-01-31','In Progress','Developer',50,'Billable'),(5,'EMP006','PRJ105','Orion Data Lakehouse','2026-07-01','2027-06-30','In Progress','QA Engineer',75,'Non-Billable'),(6,'EMP007','PRJ106','Vertex DevOps Automation','2026-04-20','2027-04-19','In Progress','Scrum Master',50,'Billable'),(7,'EMP008','PRJ107','Horizon Digital Experience','2026-02-15','2026-12-31','In Progress','DevOps Engineer',75,'Billable'),(8,'EMP009','PRJ108','Quantum AI Operations','2026-06-15','2027-06-14','In Progress','Business Analyst',75,'Billable'),(9,'EMP010','PRJ101','Astra Workforce Analytics','2026-04-01','2027-03-31','In Progress','Project Manager',100,'Billable'),(10,'EMP011','PRJ102','Nimbus Cloud Optimization','2026-05-15','2027-05-14','In Progress','Solution Architect',50,'Billable'),(11,'EMP012','PRJ103','Sentinel Security Modernization','2026-06-01','2027-02-28','In Progress','Lead Developer',100,'Non-Billable'),(12,'EMP013','PRJ104','Pulse Customer Intelligence','2026-03-10','2027-01-31','In Progress','Developer',50,'Billable'),(13,'EMP014','PRJ105','Orion Data Lakehouse','2026-07-01','2027-06-30','In Progress','QA Engineer',75,'Non-Billable'),(14,'EMP015','PRJ106','Vertex DevOps Automation','2026-04-20','2027-04-19','In Progress','Scrum Master',50,'Billable'),(15,'EMP016','PRJ107','Horizon Digital Experience','2026-02-15','2026-12-31','In Progress','DevOps Engineer',75,'Billable'),(16,'EMP017','PRJ108','Quantum AI Operations','2026-06-15','2027-06-14','In Progress','Business Analyst',75,'Billable'),(17,'EMP018','PRJ101','Astra Workforce Analytics','2026-04-01','2027-03-31','In Progress','Project Manager',100,'Billable'),(18,'EMP020','PRJ103','Sentinel Security Modernization','2026-06-01','2027-02-28','In Progress','Lead Developer',100,'Non-Billable'),(19,'EMP021','PRJ104','Pulse Customer Intelligence','2026-03-10','2027-01-31','In Progress','Developer',50,'Billable'),(20,'EMP022','PRJ105','Orion Data Lakehouse','2026-07-01','2027-06-30','In Progress','QA Engineer',75,'Non-Billable'),(21,'EMP023','PRJ106','Vertex DevOps Automation','2026-04-20','2027-04-19','In Progress','Scrum Master',50,'Billable'),(22,'EMP024','PRJ107','Horizon Digital Experience','2026-02-15','2026-12-31','In Progress','DevOps Engineer',75,'Billable'),(23,'EMP025','PRJ108','Quantum AI Operations','2026-06-15','2027-06-14','In Progress','Business Analyst',75,'Billable'),(24,'EMP026','PRJ101','Astra Workforce Analytics','2026-04-01','2027-03-31','In Progress','Project Manager',100,'Billable'),(25,'EMP027','PRJ102','Nimbus Cloud Optimization','2026-05-15','2027-05-14','In Progress','Solution Architect',50,'Billable'),(26,'EMP028','PRJ103','Sentinel Security Modernization','2026-06-01','2027-02-28','In Progress','Lead Developer',100,'Non-Billable'),(27,'EMP029','PRJ104','Pulse Customer Intelligence','2026-03-10','2027-01-31','In Progress','Developer',50,'Billable'),(28,'EMP030','PRJ105','Orion Data Lakehouse','2026-07-01','2027-06-30','In Progress','QA Engineer',75,'Non-Billable'),(29,'EMP031','PRJ106','Vertex DevOps Automation','2026-04-20','2027-04-19','In Progress','Scrum Master',50,'Billable'),(30,'EMP032','PRJ107','Horizon Digital Experience','2026-02-15','2026-12-31','In Progress','DevOps Engineer',75,'Billable'),(31,'EMP033','PRJ108','Quantum AI Operations','2026-06-15','2027-06-14','In Progress','Business Analyst',75,'Billable'),(32,'EMP034','PRJ101','Astra Workforce Analytics','2026-04-01','2027-03-31','In Progress','Project Manager',100,'Billable'),(33,'EMP035','PRJ102','Nimbus Cloud Optimization','2026-05-15','2027-05-14','In Progress','Solution Architect',50,'Billable'),(34,'EMP036','PRJ103','Sentinel Security Modernization','2026-06-01','2027-02-28','In Progress','Lead Developer',100,'Non-Billable'),(35,'EMP037','PRJ104','Pulse Customer Intelligence','2026-03-10','2027-01-31','In Progress','Developer',50,'Billable'),(36,'EMP001','PRJ105','Orion Data Lakehouse','2026-07-01','2027-06-30','In Progress','QA Engineer',75,'Non-Billable'),(37,'EMP002','PRJ106','Vertex DevOps Automation','2026-04-20','2027-04-19','In Progress','Scrum Master',50,'Billable');
/*!40000 ALTER TABLE `project_management` ENABLE KEYS */;
UNLOCK TABLES;

--
-- Table structure for table `project_management_backup`
--

DROP TABLE IF EXISTS `project_management_backup`;
/*!40101 SET @saved_cs_client     = @@character_set_client */;
/*!50503 SET character_set_client = utf8mb4 */;
CREATE TABLE `project_management_backup` (
  `my_row_id` bigint unsigned NOT NULL AUTO_INCREMENT /*!80023 INVISIBLE */,
  `EmployeeID` varchar(10) DEFAULT NULL,
  `ProjectID` varchar(20) DEFAULT NULL,
  `ProjectName` varchar(100) DEFAULT NULL,
  `ProjectStartDate` varchar(50) DEFAULT NULL,
  `ProjectEndDate` varchar(50) DEFAULT NULL,
  `ProjectStatus` varchar(50) DEFAULT NULL,
  `EmployeeRole` varchar(50) DEFAULT NULL,
  `AllocationPercentage` int DEFAULT NULL,
  `BillableStatus` varchar(30) DEFAULT NULL,
  PRIMARY KEY (`my_row_id`)
) ENGINE=InnoDB AUTO_INCREMENT=39 DEFAULT CHARSET=utf8mb4 COLLATE=utf8mb4_0900_ai_ci;
/*!40101 SET character_set_client = @saved_cs_client */;

--
-- Dumping data for table `project_management_backup`
--

LOCK TABLES `project_management_backup` WRITE;
/*!40000 ALTER TABLE `project_management_backup` DISABLE KEYS */;
INSERT INTO `project_management_backup` (`my_row_id`, `EmployeeID`, `ProjectID`, `ProjectName`, `ProjectStartDate`, `ProjectEndDate`, `ProjectStatus`, `EmployeeRole`, `AllocationPercentage`, `BillableStatus`) VALUES (1,'EMP002','PRJ001','Enterprise Data Lake','2023-01-10','2026-11-06','In Progress','Project Manager',100,'Billable'),(2,'EMP003','PRJ005','BI Dashboard Suite','2024-02-01','2026-10-23','In Progress','Developer',50,'Billable'),(3,'EMP004','PRJ010','DevOps Transformation','2025-03-01','2026-11-04','In Progress','Developer',100,'Non-Billable'),(4,'EMP005','PRJ010','DevOps Transformation','2025-03-01','2026-11-04','In Progress','Developer',50,'Billable'),(5,'EMP006','PRJ008','Cybersecurity Revamp','2024-09-01','2026-11-05','In Progress','Solution Architect',50,'Non-Billable'),(6,'EMP007','PRJ007','ML Forecasting Platform','2024-07-01','2026-11-02','In Progress','DevOps Engineer',50,'Billable'),(7,'EMP008','PRJ007','ML Forecasting Platform','2024-07-01','2026-11-02','In Progress','Scrum Master',75,'Billable'),(8,'EMP009','PRJ003','AI-Powered CRM','2023-06-01','2026-11-03','In Progress','Scrum Master',75,'Billable'),(9,'EMP010','PRJ005','BI Dashboard Suite','2024-02-01','2026-10-23','In Progress','Project Manager',100,'Billable'),(10,'EMP011','PRJ002','Cloud Migration Phase 1','2023-03-01','2026-10-13','In Progress','Scrum Master',75,'Billable'),(11,'EMP012','PRJ007','ML Forecasting Platform','2024-07-01','2026-11-02','In Progress','Developer',100,'Non-Billable'),(12,'EMP013','PRJ008','Cybersecurity Revamp','2024-09-01','2026-11-05','In Progress','Project Manager',50,'Billable'),(13,'EMP014','PRJ006','ERP Modernization','2024-04-01','2026-10-16','In Progress','DevOps Engineer',100,'Billable'),(14,'EMP015','PRJ001','Enterprise Data Lake','2023-01-10','2026-11-06','In Progress','Business Analyst',75,'Billable'),(15,'EMP016','PRJ005','BI Dashboard Suite','2024-02-01','2026-10-23','In Progress','DevOps Engineer',100,'Billable'),(16,'EMP017','PRJ001','Enterprise Data Lake','2023-01-10','2026-11-06','In Progress','Business Analyst',100,'Billable'),(17,'EMP018','PRJ009','Customer 360 Platform','2025-01-01','2026-10-30','In Progress','Developer',100,'Billable'),(18,'EMP019','PRJ004','Digital Workplace Rollout','2024-01-15','2026-10-31','In Progress','Lead Developer',75,'Non-Billable'),(19,'EMP020','PRJ003','AI-Powered CRM','2023-06-01','2026-11-03','In Progress','DevOps Engineer',100,'Billable'),(20,'EMP021','PRJ005','BI Dashboard Suite','2024-02-01','2026-10-23','In Progress','Project Manager',75,'Non-Billable'),(21,'EMP022','PRJ004','Digital Workplace Rollout','2024-01-15','2026-10-31','In Progress','DevOps Engineer',100,'Billable'),(22,'EMP023','PRJ004','Digital Workplace Rollout','2024-01-15','2026-10-31','In Progress','QA Engineer',50,'Billable'),(23,'EMP024','PRJ007','ML Forecasting Platform','2024-07-01','2026-11-02','In Progress','Scrum Master',100,'Billable'),(24,'EMP025','PRJ001','Enterprise Data Lake','2023-01-10','2026-11-06','In Progress','Solution Architect',100,'Billable'),(25,'EMP026','PRJ010','DevOps Transformation','2025-03-01','2026-11-04','In Progress','DevOps Engineer',50,'Billable'),(26,'EMP027','PRJ008','Cybersecurity Revamp','2024-09-01','2026-11-05','In Progress','Scrum Master',75,'Billable'),(27,'EMP028','PRJ009','Customer 360 Platform','2025-01-01','2026-10-30','In Progress','Project Manager',75,'Non-Billable'),(28,'EMP029','PRJ004','Digital Workplace Rollout','2024-01-15','2026-10-31','In Progress','Business Analyst',100,'Billable'),(29,'EMP030','PRJ007','ML Forecasting Platform','2024-07-01','2026-11-02','In Progress','Developer',75,'Billable'),(30,'EMP031','PRJ007','ML Forecasting Platform','2024-07-01','2026-11-02','In Progress','Project Manager',100,'Billable'),(31,'EMP032','PRJ003','AI-Powered CRM','2023-06-01','2026-11-03','In Progress','DevOps Engineer',50,'Billable'),(32,'EMP033','PRJ010','DevOps Transformation','2025-03-01','2026-11-04','In Progress','Scrum Master',50,'Non-Billable'),(33,'EMP034','PRJ008','Cybersecurity Revamp','2024-09-01','2026-11-05','In Progress','Lead Developer',100,'Non-Billable'),(34,'EMP035','PRJ001','Enterprise Data Lake','2023-01-10','2026-11-06','In Progress','QA Engineer',75,'Non-Billable'),(35,'EMP036','PRJ003','AI-Powered CRM','2023-06-01','2026-11-03','In Progress','Lead Developer',75,'Billable'),(36,'EMP100','PRJ007','ML Forecasting Platform','2024-07-01','2026-11-02','In Progress','Lead Developer',75,'Billable'),(37,'EMP001','PRJ101','Cloud Migration','2026-07-01','2026-12-31','In Progress','Backend Developer',50,'Billable'),(38,'EMP002','PRJ010','DevOps Transformation','2025-03-01','2026-11-04','In Progress','Developer',75,'Billable');
/*!40000 ALTER TABLE `project_management_backup` ENABLE KEYS */;
UNLOCK TABLES;

--
-- Table structure for table `skill_certification_mapping`
--

DROP TABLE IF EXISTS `skill_certification_mapping`;
/*!40101 SET @saved_cs_client     = @@character_set_client */;
/*!50503 SET character_set_client = utf8mb4 */;
CREATE TABLE `skill_certification_mapping` (
  `my_row_id` bigint unsigned NOT NULL AUTO_INCREMENT /*!80023 INVISIBLE */,
  `SkillName` varchar(100) DEFAULT NULL,
  `CertificationName` varchar(200) DEFAULT NULL,
  PRIMARY KEY (`my_row_id`)
) ENGINE=InnoDB AUTO_INCREMENT=13 DEFAULT CHARSET=utf8mb4 COLLATE=utf8mb4_0900_ai_ci;
/*!40101 SET character_set_client = @saved_cs_client */;

--
-- Dumping data for table `skill_certification_mapping`
--

LOCK TABLES `skill_certification_mapping` WRITE;
/*!40000 ALTER TABLE `skill_certification_mapping` DISABLE KEYS */;
INSERT INTO `skill_certification_mapping` (`my_row_id`, `SkillName`, `CertificationName`) VALUES (1,'AWS','AWS Certified Cloud Practitioner'),(2,'Azure','Microsoft Azure Fundamentals'),(3,'Power BI','Google Data Analytics'),(4,'Tableau','Google Data Analytics'),(5,'SQL','Google Data Analytics'),(6,'Pandas','Google Data Analytics'),(7,'Agile','Certified Scrum Master'),(8,'Leadership','PMP Certification'),(9,'Stakeholder Management','PMP Certification'),(10,'Communication','PMP Certification'),(11,'Solution Design','AWS Certified Cloud Practitioner'),(12,'GCP','Google Data Analytics');
/*!40000 ALTER TABLE `skill_certification_mapping` ENABLE KEYS */;
UNLOCK TABLES;

--
-- Table structure for table `skill_requests`
--

DROP TABLE IF EXISTS `skill_requests`;
/*!40101 SET @saved_cs_client     = @@character_set_client */;
/*!50503 SET character_set_client = utf8mb4 */;
CREATE TABLE `skill_requests` (
  `RequestID` int NOT NULL AUTO_INCREMENT,
  `EmployeeID` varchar(50) NOT NULL,
  `SkillName` varchar(150) NOT NULL,
  `SkillLevel` varchar(50) DEFAULT NULL,
  `CategoryName` varchar(150) DEFAULT NULL,
  `RequestStatus` varchar(30) DEFAULT 'Pending',
  `RequestedAt` datetime DEFAULT CURRENT_TIMESTAMP,
  `ReviewedAt` datetime DEFAULT NULL,
  `ReviewedBy` varchar(150) DEFAULT NULL,
  `RejectionReason` varchar(255) DEFAULT NULL,
  PRIMARY KEY (`RequestID`)
) ENGINE=InnoDB AUTO_INCREMENT=3 DEFAULT CHARSET=utf8mb4 COLLATE=utf8mb4_0900_ai_ci;
/*!40101 SET character_set_client = @saved_cs_client */;

--
-- Dumping data for table `skill_requests`
--

LOCK TABLES `skill_requests` WRITE;
/*!40000 ALTER TABLE `skill_requests` DISABLE KEYS */;
INSERT INTO `skill_requests` VALUES (1,'EMP019','Marketing','Advanced','Others','Approved','2026-07-17 15:36:38','2026-07-17 18:50:46','fathima@anblicks.com',NULL),(2,'EMP019','Go','Expert','Others','Pending','2026-07-21 18:37:59',NULL,NULL,NULL);
/*!40000 ALTER TABLE `skill_requests` ENABLE KEYS */;
UNLOCK TABLES;

--
-- Table structure for table `skills_repository`
--

DROP TABLE IF EXISTS `skills_repository`;
/*!40101 SET @saved_cs_client     = @@character_set_client */;
/*!50503 SET character_set_client = utf8mb4 */;
CREATE TABLE `skills_repository` (
  `my_row_id` bigint unsigned NOT NULL AUTO_INCREMENT /*!80023 INVISIBLE */,
  `EmployeeID` varchar(10) DEFAULT NULL,
  `SkillName` varchar(100) DEFAULT NULL,
  `SkillCategory` varchar(50) DEFAULT NULL,
  `SkillLevel` varchar(30) DEFAULT NULL,
  `LastUpdatedDate` date DEFAULT NULL,
  `CategoryName` varchar(100) DEFAULT NULL,
  PRIMARY KEY (`my_row_id`)
) ENGINE=InnoDB AUTO_INCREMENT=309 DEFAULT CHARSET=utf8mb4 COLLATE=utf8mb4_0900_ai_ci;
/*!40101 SET character_set_client = @saved_cs_client */;

--
-- Dumping data for table `skills_repository`
--

LOCK TABLES `skills_repository` WRITE;
/*!40000 ALTER TABLE `skills_repository` DISABLE KEYS */;
INSERT INTO `skills_repository` (`my_row_id`, `EmployeeID`, `SkillName`, `SkillCategory`, `SkillLevel`, `LastUpdatedDate`, `CategoryName`) VALUES (1,'EMP001','C#','Programming','Beginner','2024-10-24','Software Engineers'),(2,'EMP001','Agile','Soft Skills','Intermediate','2025-04-10','Quality Testers'),(3,'EMP002','Microservices','Architecture','Beginner','2025-05-05','Software Engineers'),(4,'EMP002','Agile','Soft Skills','Advanced','2024-02-22','Quality Testers'),(5,'EMP002','dbt','Data','Intermediate','2024-02-13','Data Engineers'),(6,'EMP003','Terraform','Cloud','Intermediate','2024-09-25','DevOps Engineers'),(7,'EMP003','Problem Solving','Soft Skills','Advanced','2024-07-09','Leadership'),(8,'EMP004','Stakeholder Management','Soft Skills','Advanced','2024-01-27','Project Managers'),(9,'EMP004','Power BI','Data','Beginner','2024-06-17','BI / Data Analysts'),(10,'EMP004','Event-Driven Architecture','Architecture','Advanced','2024-05-25','Software Engineers'),(11,'EMP005','Microservices','Architecture','Advanced','2025-04-14','Software Engineers'),(12,'EMP005','GCP','Cloud','Expert','2025-05-10','DevOps Engineers'),(13,'EMP005','Leadership','Soft Skills','Beginner','2024-10-31','Leadership'),(14,'EMP005','JavaScript','Programming','Expert','2024-10-13','Software Engineers'),(15,'EMP006','dbt','Data','Expert','2024-12-09','Data Engineers'),(16,'EMP006','Kubernetes','Cloud','Beginner','2024-07-04','DevOps Engineers'),(17,'EMP006','API Design','Architecture','Intermediate','2024-06-07','Software Engineers'),(18,'EMP006','Java','Programming','Expert','2024-06-23','Software Engineers'),(19,'EMP007','Azure','Cloud','Advanced','2024-02-09','DevOps Engineers'),(20,'EMP007','Solution Design','Architecture','Beginner','2024-09-16','Software Engineers'),(21,'EMP008','Tableau','Data','Intermediate','2024-03-24','BI / Data Analysts'),(22,'EMP008','Docker','Cloud','Intermediate','2025-01-29','DevOps Engineers'),(23,'EMP008','Event-Driven Architecture','Architecture','Expert','2024-01-23','Software Engineers'),(24,'EMP008','Problem Solving','Soft Skills','Intermediate','2024-12-12','Leadership'),(25,'EMP009','Event-Driven Architecture','Architecture','Intermediate','2024-04-29','Software Engineers'),(26,'EMP009','Spark','Data','Expert','2025-05-09','Data Engineers'),(27,'EMP009','Leadership','Soft Skills','Expert','2024-07-07','Leadership'),(28,'EMP010','Snowflake','Data','Intermediate','2024-08-02','Data Engineers'),(29,'EMP010','Leadership','Soft Skills','Intermediate','2025-02-14','Leadership'),(30,'EMP010','API Design','Architecture','Expert','2024-01-27','Software Engineers'),(31,'EMP011','Solution Design','Architecture','Beginner','2024-05-25','Software Engineers'),(32,'EMP011','Java','Programming','Expert','2024-05-19','Software Engineers'),(33,'EMP011','Snowflake','Data','Expert','2024-03-16','Data Engineers'),(34,'EMP012','GCP','Cloud','Beginner','2025-04-21','DevOps Engineers'),(35,'EMP012','Agile','Soft Skills','Expert','2024-01-28','Quality Testers'),(36,'EMP013','Spark','Data','Beginner','2024-04-24','Data Engineers'),(37,'EMP013','GCP','Cloud','Beginner','2025-04-21','DevOps Engineers'),(38,'EMP013','Problem Solving','Soft Skills','Intermediate','2025-02-09','Leadership'),(39,'EMP013','Java','Programming','Advanced','2024-01-20','Software Engineers'),(40,'EMP014','Kubernetes','Cloud','Beginner','2024-01-03','DevOps Engineers'),(41,'EMP014','Communication','Soft Skills','Intermediate','2024-05-11','Leadership'),(42,'EMP014','Microservices','Architecture','Expert','2024-10-07','Software Engineers'),(43,'EMP015','Spark','Data','Beginner','2024-03-03','Data Engineers'),(44,'EMP015','Azure','Cloud','Expert','2024-08-02','DevOps Engineers'),(45,'EMP016','Go','Programming','Beginner','2024-10-01','Others'),(46,'EMP016','Stakeholder Management','Soft Skills','Intermediate','2024-10-21','Project Managers'),(47,'EMP017','Kubernetes','Cloud','Intermediate','2024-06-29','DevOps Engineers'),(48,'EMP017','Snowflake','Data','Intermediate','2024-08-01','Data Engineers'),(49,'EMP017','Solution Design','Architecture','Advanced','2024-09-25','Software Engineers'),(50,'EMP017','Python','Programming','Beginner','2025-05-03','Data Scientist'),(51,'EMP018','Agile','Soft Skills','Advanced','2024-07-10','Quality Testers'),(52,'EMP018','SQL','Programming','Advanced','2024-01-09','Data Engineers'),(53,'EMP018','Power BI','Data','Intermediate','2024-06-25','BI / Data Analysts'),(54,'EMP019','JavaScript','Programming','Advanced','2024-10-06','Software Engineers'),(55,'EMP019','dbt','Data','Expert','2024-03-30','Data Engineers'),(56,'EMP019','Event-Driven Architecture','Architecture','Intermediate','2024-11-19','Software Engineers'),(57,'EMP019','Leadership','Soft Skills','Expert','2024-02-02','Leadership'),(58,'EMP020','Power BI','Data','Intermediate','2025-02-09','BI / Data Analysts'),(59,'EMP020','AWS','Cloud','Advanced','2024-06-10','DevOps Engineers'),(60,'EMP021','Leadership','Soft Skills','Advanced','2024-05-26','Leadership'),(61,'EMP021','Solution Design','Architecture','Advanced','2025-03-19','Software Engineers'),(62,'EMP021','GCP','Cloud','Advanced','2024-03-04','DevOps Engineers'),(63,'EMP021','C#','Programming','Expert','2025-03-31','Software Engineers'),(64,'EMP022','Agile','Soft Skills','Expert','2024-12-20','Quality Testers'),(65,'EMP022','API Design','Architecture','Advanced','2025-04-18','Software Engineers'),(66,'EMP022','AWS','Cloud','Expert','2025-01-07','DevOps Engineers'),(67,'EMP022','Python','Programming','Intermediate','2024-08-08','Data Scientist'),(68,'EMP023','Spark','Data','Advanced','2024-12-04','Data Engineers'),(69,'EMP023','API Design','Architecture','Expert','2024-08-16','Software Engineers'),(70,'EMP023','Java','Programming','Expert','2024-12-19','Software Engineers'),(71,'EMP023','Problem Solving','Soft Skills','Beginner','2024-08-16','Leadership'),(72,'EMP024','Power BI','Data','Expert','2024-12-09','BI / Data Analysts'),(73,'EMP024','Problem Solving','Soft Skills','Intermediate','2024-09-19','Leadership'),(74,'EMP024','AWS','Cloud','Expert','2024-03-14','DevOps Engineers'),(75,'EMP024','Python','Programming','Beginner','2024-03-05','Data Scientist'),(76,'EMP025','Pandas','Data','Beginner','2025-05-01','Data Scientist'),(77,'EMP025','Microservices','Architecture','Expert','2024-12-13','Software Engineers'),(78,'EMP026','Snowflake','Data','Advanced','2024-03-11','Data Engineers'),(79,'EMP026','Agile','Soft Skills','Advanced','2024-06-09','Quality Testers'),(80,'EMP026','Java','Programming','Beginner','2025-05-06','Software Engineers'),(81,'EMP027','Kubernetes','Cloud','Beginner','2024-07-17','DevOps Engineers'),(82,'EMP027','Problem Solving','Soft Skills','Advanced','2025-01-31','Leadership'),(83,'EMP028','Agile','Soft Skills','Beginner','2024-04-12','Quality Testers'),(84,'EMP028','Azure','Cloud','Beginner','2025-03-12','DevOps Engineers'),(85,'EMP028','Pandas','Data','Expert','2024-03-29','Data Scientist'),(86,'EMP028','Solution Design','Architecture','Advanced','2025-02-18','Software Engineers'),(87,'EMP029','Spark','Data','Intermediate','2025-03-11','Data Engineers'),(88,'EMP029','SQL','Programming','Intermediate','2024-12-29','Data Engineers'),(89,'EMP029','API Design','Architecture','Intermediate','2024-09-17','Software Engineers'),(90,'EMP029','AWS','Cloud','Intermediate','2024-04-12','DevOps Engineers'),(91,'EMP030','Problem Solving','Soft Skills','Advanced','2024-10-10','Leadership'),(92,'EMP030','C#','Programming','Intermediate','2025-02-15','Software Engineers'),(93,'EMP031','SQL','Programming','Expert','2025-01-03','Data Engineers'),(94,'EMP031','Event-Driven Architecture','Architecture','Expert','2025-01-28','Software Engineers'),(95,'EMP031','Kubernetes','Cloud','Intermediate','2024-02-07','DevOps Engineers'),(96,'EMP031','Spark','Data','Beginner','2024-11-24','Data Engineers'),(97,'EMP032','Stakeholder Management','Soft Skills','Intermediate','2024-11-23','Project Managers'),(98,'EMP032','Tableau','Data','Beginner','2024-08-09','BI / Data Analysts'),(99,'EMP032','Python','Programming','Intermediate','2024-09-22','Data Scientist'),(100,'EMP033','Docker','Cloud','Advanced','2024-04-25','DevOps Engineers'),(101,'EMP033','API Design','Architecture','Beginner','2025-03-09','Software Engineers'),(102,'EMP033','Problem Solving','Soft Skills','Advanced','2024-04-10','Leadership'),(103,'EMP034','Snowflake','Data','Intermediate','2024-11-24','Data Engineers'),(104,'EMP034','Go','Programming','Intermediate','2025-04-27','Others'),(105,'EMP035','Solution Design','Architecture','Beginner','2025-02-26','Software Engineers'),(106,'EMP035','Power BI','Data','Advanced','2024-01-24','BI / Data Analysts'),(107,'EMP036','Terraform','Cloud','Advanced','2025-03-31','DevOps Engineers'),(108,'EMP036','Problem Solving','Soft Skills','Intermediate','2024-09-04','Leadership'),(109,'EMP036','dbt','Data','Advanced','2024-07-26','Data Engineers'),(110,'EMP036','C#','Programming','Beginner','2024-02-07','Software Engineers'),(111,'EMP037','Agile','Soft Skills','Intermediate','2024-08-25','Quality Testers'),(112,'EMP037','API Design','Architecture','Intermediate','2024-11-06','Software Engineers'),(113,'EMP038','Tableau','Data','Advanced','2025-01-24','BI / Data Analysts'),(114,'EMP038','Solution Design','Architecture','Intermediate','2024-06-12','Software Engineers'),(115,'EMP038','Terraform','Cloud','Advanced','2024-03-03','DevOps Engineers'),(116,'EMP039','AWS','Cloud','Expert','2024-05-28','DevOps Engineers'),(117,'EMP039','Event-Driven Architecture','Architecture','Intermediate','2024-05-07','Software Engineers'),(118,'EMP039','JavaScript','Programming','Advanced','2025-04-23','Software Engineers'),(119,'EMP040','Kubernetes','Cloud','Expert','2024-08-27','DevOps Engineers'),(120,'EMP040','Problem Solving','Soft Skills','Beginner','2024-09-11','Leadership'),(121,'EMP041','Leadership','Soft Skills','Advanced','2024-04-20','Leadership'),(122,'EMP041','Solution Design','Architecture','Advanced','2024-01-26','Software Engineers'),(123,'EMP042','Solution Design','Architecture','Beginner','2025-03-09','Software Engineers'),(124,'EMP042','Agile','Soft Skills','Advanced','2024-03-09','Quality Testers'),(125,'EMP042','Docker','Cloud','Expert','2024-07-06','DevOps Engineers'),(126,'EMP043','Go','Programming','Intermediate','2024-10-14','Others'),(127,'EMP043','Problem Solving','Soft Skills','Advanced','2024-10-10','Leadership'),(128,'EMP043','Solution Design','Architecture','Expert','2024-07-16','Software Engineers'),(129,'EMP044','Pandas','Data','Advanced','2024-07-10','Data Scientist'),(130,'EMP044','Go','Programming','Advanced','2025-04-25','Others'),(131,'EMP044','Leadership','Soft Skills','Expert','2024-04-11','Leadership'),(132,'EMP044','Solution Design','Architecture','Beginner','2024-01-24','Software Engineers'),(133,'EMP045','Snowflake','Data','Intermediate','2024-08-21','Data Engineers'),(134,'EMP045','Stakeholder Management','Soft Skills','Intermediate','2025-04-02','Project Managers'),(135,'EMP046','Event-Driven Architecture','Architecture','Advanced','2024-11-11','Software Engineers'),(136,'EMP046','Snowflake','Data','Expert','2024-06-21','Data Engineers'),(137,'EMP046','SQL','Programming','Advanced','2024-10-15','Data Engineers'),(138,'EMP047','SQL','Programming','Expert','2024-02-26','Data Engineers'),(139,'EMP047','Snowflake','Data','Beginner','2024-06-06','Data Engineers'),(140,'EMP047','Kubernetes','Cloud','Advanced','2024-08-30','DevOps Engineers'),(141,'EMP048','Event-Driven Architecture','Architecture','Expert','2024-03-28','Software Engineers'),(142,'EMP048','Azure','Cloud','Intermediate','2025-02-24','DevOps Engineers'),(143,'EMP048','Power BI','Data','Beginner','2024-10-20','BI / Data Analysts'),(144,'EMP048','Java','Programming','Expert','2024-01-10','Software Engineers'),(145,'EMP049','Leadership','Soft Skills','Expert','2024-07-29','Leadership'),(146,'EMP049','Docker','Cloud','Beginner','2025-01-07','DevOps Engineers'),(147,'EMP049','Microservices','Architecture','Intermediate','2024-09-22','Software Engineers'),(148,'EMP050','Spark','Data','Intermediate','2025-05-04','Data Engineers'),(149,'EMP050','Agile','Soft Skills','Advanced','2025-04-12','Quality Testers'),(150,'EMP050','API Design','Architecture','Advanced','2024-12-12','Software Engineers'),(151,'EMP050','Kubernetes','Cloud','Intermediate','2024-09-04','DevOps Engineers'),(152,'EMP051','Tableau','Data','Advanced','2025-04-27','BI / Data Analysts'),(153,'EMP051','API Design','Architecture','Intermediate','2024-12-26','Software Engineers'),(154,'EMP052','Stakeholder Management','Soft Skills','Advanced','2025-04-23','Project Managers'),(155,'EMP052','Spark','Data','Expert','2024-03-03','Data Engineers'),(156,'EMP052','Terraform','Cloud','Advanced','2025-02-23','DevOps Engineers'),(157,'EMP052','Microservices','Architecture','Beginner','2024-05-28','Software Engineers'),(158,'EMP053','SQL','Programming','Expert','2024-05-11','Data Engineers'),(159,'EMP053','Tableau','Data','Advanced','2024-04-13','BI / Data Analysts'),(160,'EMP053','Kubernetes','Cloud','Advanced','2024-12-22','DevOps Engineers'),(161,'EMP054','Java','Programming','Intermediate','2024-01-26','Software Engineers'),(162,'EMP054','Docker','Cloud','Beginner','2024-04-29','DevOps Engineers'),(163,'EMP055','Agile','Soft Skills','Intermediate','2024-02-21','Quality Testers'),(164,'EMP055','Power BI','Data','Intermediate','2025-05-08','BI / Data Analysts'),(165,'EMP056','Leadership','Soft Skills','Advanced','2025-01-22','Leadership'),(166,'EMP056','API Design','Architecture','Beginner','2024-05-26','Software Engineers'),(167,'EMP056','Power BI','Data','Intermediate','2024-11-29','BI / Data Analysts'),(168,'EMP057','Python','Programming','Expert','2025-03-04','Data Scientist'),(169,'EMP057','Terraform','Cloud','Advanced','2024-04-05','DevOps Engineers'),(170,'EMP057','Communication','Soft Skills','Advanced','2024-01-05','Leadership'),(171,'EMP057','Solution Design','Architecture','Advanced','2025-04-20','Software Engineers'),(172,'EMP058','Stakeholder Management','Soft Skills','Advanced','2024-08-27','Project Managers'),(173,'EMP058','Microservices','Architecture','Beginner','2025-02-18','Software Engineers'),(174,'EMP058','JavaScript','Programming','Expert','2024-03-24','Software Engineers'),(175,'EMP059','Spark','Data','Intermediate','2024-10-17','Data Engineers'),(176,'EMP059','Azure','Cloud','Expert','2024-11-08','DevOps Engineers'),(177,'EMP059','C#','Programming','Advanced','2024-09-20','Software Engineers'),(178,'EMP059','Communication','Soft Skills','Beginner','2024-07-24','Leadership'),(179,'EMP060','GCP','Cloud','Intermediate','2025-04-24','DevOps Engineers'),(180,'EMP060','Communication','Soft Skills','Expert','2024-05-13','Leadership'),(181,'EMP061','Problem Solving','Soft Skills','Beginner','2024-06-03','Leadership'),(182,'EMP061','Spark','Data','Advanced','2024-11-30','Data Engineers'),(183,'EMP062','Terraform','Cloud','Intermediate','2024-06-06','DevOps Engineers'),(184,'EMP062','C#','Programming','Advanced','2024-12-17','Software Engineers'),(185,'EMP062','dbt','Data','Advanced','2024-03-01','Data Engineers'),(186,'EMP062','Problem Solving','Soft Skills','Intermediate','2024-11-10','Leadership'),(187,'EMP063','Azure','Cloud','Advanced','2024-08-20','DevOps Engineers'),(188,'EMP063','Agile','Soft Skills','Expert','2024-12-25','Quality Testers'),(189,'EMP064','Kubernetes','Cloud','Advanced','2024-08-16','DevOps Engineers'),(190,'EMP064','Solution Design','Architecture','Beginner','2025-04-14','Software Engineers'),(191,'EMP064','Power BI','Data','Intermediate','2025-02-28','BI / Data Analysts'),(192,'EMP064','Go','Programming','Intermediate','2024-10-01','Others'),(193,'EMP065','Power BI','Data','Intermediate','2024-12-14','BI / Data Analysts'),(194,'EMP065','Stakeholder Management','Soft Skills','Beginner','2024-09-07','Project Managers'),(195,'EMP066','Stakeholder Management','Soft Skills','Expert','2024-07-31','Project Managers'),(196,'EMP066','Go','Programming','Expert','2024-01-30','Others'),(197,'EMP066','Docker','Cloud','Advanced','2025-02-17','DevOps Engineers'),(198,'EMP066','Solution Design','Architecture','Advanced','2024-07-21','Software Engineers'),(199,'EMP067','AWS','Cloud','Advanced','2024-08-04','DevOps Engineers'),(200,'EMP067','SQL','Programming','Beginner','2024-02-02','Data Engineers'),(201,'EMP068','Problem Solving','Soft Skills','Intermediate','2024-07-28','Leadership'),(202,'EMP068','Java','Programming','Expert','2025-01-27','Software Engineers'),(203,'EMP069','Agile','Soft Skills','Intermediate','2024-02-11','Quality Testers'),(204,'EMP069','API Design','Architecture','Intermediate','2024-03-01','Software Engineers'),(205,'EMP069','Kubernetes','Cloud','Intermediate','2024-07-20','DevOps Engineers'),(206,'EMP070','Terraform','Cloud','Expert','2024-12-10','DevOps Engineers'),(207,'EMP070','Go','Programming','Intermediate','2024-07-13','Others'),(208,'EMP070','Leadership','Soft Skills','Advanced','2024-08-23','Leadership'),(209,'EMP070','Microservices','Architecture','Intermediate','2024-05-21','Software Engineers'),(210,'EMP071','Go','Programming','Beginner','2025-01-27','Others'),(211,'EMP071','Microservices','Architecture','Beginner','2024-04-15','Software Engineers'),(212,'EMP071','Power BI','Data','Beginner','2024-10-31','BI / Data Analysts'),(213,'EMP071','Terraform','Cloud','Beginner','2024-11-02','DevOps Engineers'),(214,'EMP072','C#','Programming','Intermediate','2024-04-29','Software Engineers'),(215,'EMP072','Communication','Soft Skills','Advanced','2024-03-12','Leadership'),(216,'EMP073','API Design','Architecture','Advanced','2024-05-01','Software Engineers'),(217,'EMP073','Tableau','Data','Intermediate','2024-12-04','BI / Data Analysts'),(218,'EMP074','Snowflake','Data','Intermediate','2025-04-30','Data Engineers'),(219,'EMP074','Event-Driven Architecture','Architecture','Expert','2024-10-11','Software Engineers'),(220,'EMP074','Python','Programming','Advanced','2025-05-12','Data Scientist'),(221,'EMP075','Agile','Soft Skills','Advanced','2024-03-17','Quality Testers'),(222,'EMP075','Pandas','Data','Expert','2024-04-04','Data Scientist'),(223,'EMP075','Microservices','Architecture','Intermediate','2025-03-10','Software Engineers'),(224,'EMP075','GCP','Cloud','Intermediate','2025-03-15','DevOps Engineers'),(225,'EMP076','Go','Programming','Intermediate','2024-09-28','Others'),(226,'EMP076','Agile','Soft Skills','Advanced','2024-05-04','Quality Testers'),(227,'EMP076','Azure','Cloud','Beginner','2024-06-18','DevOps Engineers'),(228,'EMP077','dbt','Data','Intermediate','2025-02-28','Data Engineers'),(229,'EMP077','Python','Programming','Expert','2024-05-17','Data Scientist'),(230,'EMP077','Solution Design','Architecture','Beginner','2025-03-23','Software Engineers'),(231,'EMP078','Event-Driven Architecture','Architecture','Advanced','2024-04-16','Software Engineers'),(232,'EMP078','GCP','Cloud','Beginner','2025-05-04','DevOps Engineers'),(233,'EMP079','Docker','Cloud','Expert','2025-01-21','DevOps Engineers'),(234,'EMP079','Java','Programming','Intermediate','2024-12-22','Software Engineers'),(235,'EMP080','Terraform','Cloud','Advanced','2024-08-26','DevOps Engineers'),(236,'EMP080','Spark','Data','Advanced','2024-05-13','Data Engineers'),(237,'EMP080','Event-Driven Architecture','Architecture','Beginner','2024-08-26','Software Engineers'),(238,'EMP081','Problem Solving','Soft Skills','Beginner','2024-07-30','Leadership'),(239,'EMP081','Snowflake','Data','Intermediate','2025-03-18','Data Engineers'),(240,'EMP081','SQL','Programming','Beginner','2024-03-15','Data Engineers'),(241,'EMP081','GCP','Cloud','Expert','2024-10-10','DevOps Engineers'),(242,'EMP082','Azure','Cloud','Intermediate','2024-07-13','DevOps Engineers'),(243,'EMP082','Event-Driven Architecture','Architecture','Advanced','2024-10-08','Software Engineers'),(244,'EMP082','Problem Solving','Soft Skills','Expert','2025-01-25','Leadership'),(245,'EMP083','Leadership','Soft Skills','Expert','2024-03-12','Leadership'),(246,'EMP083','Microservices','Architecture','Beginner','2025-04-14','Software Engineers'),(247,'EMP083','Go','Programming','Beginner','2024-01-18','Others'),(248,'EMP083','Docker','Cloud','Beginner','2024-01-25','DevOps Engineers'),(249,'EMP084','Docker','Cloud','Beginner','2024-03-18','DevOps Engineers'),(250,'EMP084','Microservices','Architecture','Expert','2024-09-15','Software Engineers'),(251,'EMP084','JavaScript','Programming','Expert','2024-01-31','Software Engineers'),(252,'EMP085','Communication','Soft Skills','Advanced','2024-01-09','Leadership'),(253,'EMP085','Go','Programming','Advanced','2025-05-15','Others'),(254,'EMP085','Solution Design','Architecture','Expert','2024-09-14','Software Engineers'),(255,'EMP085','Azure','Cloud','Beginner','2024-02-24','DevOps Engineers'),(256,'EMP086','GCP','Cloud','Expert','2024-05-16','DevOps Engineers'),(257,'EMP086','Solution Design','Architecture','Expert','2024-07-10','Software Engineers'),(258,'EMP086','C#','Programming','Intermediate','2024-10-16','Software Engineers'),(259,'EMP086','Leadership','Soft Skills','Beginner','2024-06-02','Leadership'),(260,'EMP087','C#','Programming','Expert','2024-10-09','Software Engineers'),(261,'EMP087','Solution Design','Architecture','Beginner','2024-11-22','Software Engineers'),(262,'EMP087','Docker','Cloud','Beginner','2024-03-28','DevOps Engineers'),(263,'EMP087','Pandas','Data','Expert','2025-03-08','Data Scientist'),(264,'EMP088','Tableau','Data','Expert','2024-04-18','BI / Data Analysts'),(265,'EMP088','JavaScript','Programming','Beginner','2024-01-24','Software Engineers'),(266,'EMP088','API Design','Architecture','Beginner','2025-04-05','Software Engineers'),(267,'EMP088','Leadership','Soft Skills','Advanced','2025-04-20','Leadership'),(268,'EMP089','Docker','Cloud','Expert','2025-02-24','DevOps Engineers'),(269,'EMP089','Solution Design','Architecture','Intermediate','2024-06-02','Software Engineers'),(270,'EMP090','Terraform','Cloud','Intermediate','2025-01-21','DevOps Engineers'),(271,'EMP090','Communication','Soft Skills','Advanced','2024-09-13','Leadership'),(272,'EMP090','Power BI','Data','Expert','2024-02-20','BI / Data Analysts'),(273,'EMP090','Microservices','Architecture','Beginner','2025-03-05','Software Engineers'),(274,'EMP091','Solution Design','Architecture','Advanced','2024-11-20','Software Engineers'),(275,'EMP091','Agile','Soft Skills','Intermediate','2024-09-08','Quality Testers'),(276,'EMP091','GCP','Cloud','Expert','2024-10-10','DevOps Engineers'),(277,'EMP092','Kubernetes','Cloud','Intermediate','2024-05-31','DevOps Engineers'),(278,'EMP092','Communication','Soft Skills','Advanced','2024-02-12','Leadership'),(279,'EMP092','Java','Programming','Intermediate','2024-07-13','Software Engineers'),(280,'EMP093','Communication','Soft Skills','Advanced','2024-01-03','Leadership'),(281,'EMP093','Pandas','Data','Advanced','2024-07-03','Data Scientist'),(282,'EMP093','AWS','Cloud','Beginner','2024-03-08','DevOps Engineers'),(283,'EMP093','Java','Programming','Expert','2024-08-08','Software Engineers'),(284,'EMP094','Solution Design','Architecture','Beginner','2024-06-30','Software Engineers'),(285,'EMP094','Stakeholder Management','Soft Skills','Advanced','2024-11-02','Project Managers'),(286,'EMP094','C#','Programming','Advanced','2024-01-07','Software Engineers'),(287,'EMP094','Pandas','Data','Beginner','2024-07-17','Data Scientist'),(288,'EMP095','Event-Driven Architecture','Architecture','Intermediate','2024-03-27','Software Engineers'),(289,'EMP095','GCP','Cloud','Advanced','2024-06-03','DevOps Engineers'),(290,'EMP095','Pandas','Data','Beginner','2024-03-15','Data Scientist'),(291,'EMP095','Java','Programming','Advanced','2024-08-10','Software Engineers'),(292,'EMP096','Spark','Data','Intermediate','2024-05-08','Data Engineers'),(293,'EMP096','Agile','Soft Skills','Intermediate','2024-10-31','Quality Testers'),(294,'EMP096','C#','Programming','Intermediate','2024-02-24','Software Engineers'),(295,'EMP097','Go','Programming','Advanced','2024-07-13','Others'),(296,'EMP097','Agile','Soft Skills','Expert','2024-06-20','Quality Testers'),(297,'EMP097','Docker','Cloud','Intermediate','2025-05-13','DevOps Engineers'),(298,'EMP098','Spark','Data','Expert','2024-03-31','Data Engineers'),(299,'EMP098','GCP','Cloud','Expert','2024-05-29','DevOps Engineers'),(300,'EMP098','Stakeholder Management','Soft Skills','Intermediate','2025-02-04','Project Managers'),(301,'EMP099','Problem Solving','Soft Skills','Intermediate','2024-02-28','Leadership'),(302,'EMP099','Snowflake','Data','Intermediate','2024-10-06','Data Engineers'),(303,'EMP099','Docker','Cloud','Beginner','2025-01-28','DevOps Engineers'),(304,'EMP100','Communication','Soft Skills','Expert','2025-02-23','Leadership'),(305,'EMP100','Docker','Cloud','Intermediate','2024-09-12','DevOps Engineers'),(306,'EMP100','API Design','Architecture','Advanced','2024-05-03','Software Engineers'),(307,'EMP100','dbt','Data','Expert','2024-03-19','Data Engineers'),(308,'EMP019','Marketing','Others','Advanced','2026-07-17','Others');
/*!40000 ALTER TABLE `skills_repository` ENABLE KEYS */;
UNLOCK TABLES;

--
-- Dumping events for database 'railway'
--
/*!50106 SET @save_time_zone= @@TIME_ZONE */ ;
/*!50106 DROP EVENT IF EXISTS `archive_completed_projects_daily` */;
DELIMITER ;;
/*!50003 SET @saved_cs_client      = @@character_set_client */ ;;
/*!50003 SET @saved_cs_results     = @@character_set_results */ ;;
/*!50003 SET @saved_col_connection = @@collation_connection */ ;;
/*!50003 SET character_set_client  = utf8mb4 */ ;;
/*!50003 SET character_set_results = utf8mb4 */ ;;
/*!50003 SET collation_connection  = utf8mb4_0900_ai_ci */ ;;
/*!50003 SET @saved_sql_mode       = @@sql_mode */ ;;
/*!50003 SET sql_mode              = 'ONLY_FULL_GROUP_BY,STRICT_TRANS_TABLES,NO_ZERO_IN_DATE,NO_ZERO_DATE,ERROR_FOR_DIVISION_BY_ZERO,NO_ENGINE_SUBSTITUTION' */ ;;
/*!50003 SET @saved_time_zone      = @@time_zone */ ;;
/*!50003 SET time_zone             = 'SYSTEM' */ ;;
/*!50106 CREATE*/ /*!50117 DEFINER=`anblicksemployee360`@`%`*/ /*!50106 EVENT `archive_completed_projects_daily` ON SCHEDULE EVERY 1 DAY STARTS '2026-07-17 19:43:55' ON COMPLETION NOT PRESERVE ENABLE DO CALL archive_completed_projects() */ ;;
/*!50003 SET time_zone             = @saved_time_zone */ ;;
/*!50003 SET sql_mode              = @saved_sql_mode */ ;;
/*!50003 SET character_set_client  = @saved_cs_client */ ;;
/*!50003 SET character_set_results = @saved_cs_results */ ;;
/*!50003 SET collation_connection  = @saved_col_connection */ ;;
/*!50106 DROP EVENT IF EXISTS `update_project_status_daily` */;;
DELIMITER ;;
/*!50003 SET @saved_cs_client      = @@character_set_client */ ;;
/*!50003 SET @saved_cs_results     = @@character_set_results */ ;;
/*!50003 SET @saved_col_connection = @@collation_connection */ ;;
/*!50003 SET character_set_client  = utf8mb4 */ ;;
/*!50003 SET character_set_results = utf8mb4 */ ;;
/*!50003 SET collation_connection  = utf8mb4_0900_ai_ci */ ;;
/*!50003 SET @saved_sql_mode       = @@sql_mode */ ;;
/*!50003 SET sql_mode              = 'ONLY_FULL_GROUP_BY,STRICT_TRANS_TABLES,NO_ZERO_IN_DATE,NO_ZERO_DATE,ERROR_FOR_DIVISION_BY_ZERO,NO_ENGINE_SUBSTITUTION' */ ;;
/*!50003 SET @saved_time_zone      = @@time_zone */ ;;
/*!50003 SET time_zone             = 'SYSTEM' */ ;;
/*!50106 CREATE*/ /*!50117 DEFINER=`anblicksemployee360`@`%`*/ /*!50106 EVENT `update_project_status_daily` ON SCHEDULE EVERY 1 DAY STARTS '2026-07-17 19:43:41' ON COMPLETION PRESERVE ENABLE DO UPDATE project_management
SET
    ProjectStatus = CASE
        WHEN ProjectEndDate < CURDATE() THEN 'Completed'
        ELSE 'In Progress'
    END,
    AllocationPercentage = CASE
        WHEN ProjectEndDate < CURDATE() THEN 0
        ELSE AllocationPercentage
    END */ ;;
/*!50003 SET time_zone             = @saved_time_zone */ ;;
/*!50003 SET sql_mode              = @saved_sql_mode */ ;;
/*!50003 SET character_set_client  = @saved_cs_client */ ;;
/*!50003 SET character_set_results = @saved_cs_results */ ;;
/*!50003 SET collation_connection  = @saved_col_connection */ ;;
DELIMITER ;
/*!50106 SET TIME_ZONE= @save_time_zone */ ;

--
-- Dumping routines for database 'railway'
--
/*!50003 DROP PROCEDURE IF EXISTS `archive_completed_projects` */;
/*!50003 SET @saved_cs_client      = @@character_set_client */ ;
/*!50003 SET @saved_cs_results     = @@character_set_results */ ;
/*!50003 SET @saved_col_connection = @@collation_connection */ ;
/*!50003 SET character_set_client  = utf8mb4 */ ;
/*!50003 SET character_set_results = utf8mb4 */ ;
/*!50003 SET collation_connection  = utf8mb4_0900_ai_ci */ ;
/*!50003 SET @saved_sql_mode       = @@sql_mode */ ;
/*!50003 SET sql_mode              = 'ONLY_FULL_GROUP_BY,STRICT_TRANS_TABLES,NO_ZERO_IN_DATE,NO_ZERO_DATE,ERROR_FOR_DIVISION_BY_ZERO,NO_ENGINE_SUBSTITUTION' */ ;
DELIMITER ;;
CREATE DEFINER=`root`@`%` PROCEDURE `archive_completed_projects`()
    SQL SECURITY INVOKER
BEGIN
    START TRANSACTION;

    INSERT INTO project_history (
        EmployeeID,
        ProjectID,
        ProjectName,
        StartDate,
        EndDate,
        TechnologyUsed,
        ProjectRole
    )
    SELECT
        pm.EmployeeID,
        pm.ProjectID,
        pm.ProjectName,
        pm.ProjectStartDate,
        pm.ProjectEndDate,
        'Not Specified',
        pm.EmployeeRole
    FROM project_management pm
    WHERE pm.ProjectEndDate IS NOT NULL
      AND pm.ProjectEndDate < CURDATE()
      AND NOT EXISTS (
          SELECT 1
          FROM project_history ph
          WHERE ph.EmployeeID = pm.EmployeeID
            AND ph.ProjectID = pm.ProjectID
            AND ph.StartDate = pm.ProjectStartDate
      );

    DELETE pm
    FROM project_management pm
    WHERE pm.ProjectEndDate IS NOT NULL
      AND pm.ProjectEndDate < CURDATE()
      AND EXISTS (
          SELECT 1
          FROM project_history ph
          WHERE ph.EmployeeID = pm.EmployeeID
            AND ph.ProjectID = pm.ProjectID
            AND ph.StartDate = pm.ProjectStartDate
      );

    COMMIT;
END ;;
DELIMITER ;
/*!50003 SET sql_mode              = @saved_sql_mode */ ;
/*!50003 SET character_set_client  = @saved_cs_client */ ;
/*!50003 SET character_set_results = @saved_cs_results */ ;
/*!50003 SET collation_connection  = @saved_col_connection */ ;
/*!50003 DROP PROCEDURE IF EXISTS `MoveInactiveProjectsToHistory` */;
/*!50003 SET @saved_cs_client      = @@character_set_client */ ;
/*!50003 SET @saved_cs_results     = @@character_set_results */ ;
/*!50003 SET @saved_col_connection = @@collation_connection */ ;
/*!50003 SET character_set_client  = utf8mb4 */ ;
/*!50003 SET character_set_results = utf8mb4 */ ;
/*!50003 SET collation_connection  = utf8mb4_0900_ai_ci */ ;
/*!50003 SET @saved_sql_mode       = @@sql_mode */ ;
/*!50003 SET sql_mode              = 'ONLY_FULL_GROUP_BY,STRICT_TRANS_TABLES,NO_ZERO_IN_DATE,NO_ZERO_DATE,ERROR_FOR_DIVISION_BY_ZERO,NO_ENGINE_SUBSTITUTION' */ ;
DELIMITER ;;
CREATE DEFINER=`root`@`%` PROCEDURE `MoveInactiveProjectsToHistory`()
    SQL SECURITY INVOKER
BEGIN
    DECLARE EXIT HANDLER FOR SQLEXCEPTION
    BEGIN
        ROLLBACK;
        RESIGNAL;
    END;

    START TRANSACTION;

    /*
      Move projects when:
      1. Allocation is zero
      2. Status is not In Progress
      3. End date has passed
    */
    INSERT IGNORE INTO project_history (
        EmployeeID,
        ProjectID,
        ProjectName,
        StartDate,
        EndDate,
        TechnologyUsed,
        ProjectRole
    )
    SELECT
        pm.EmployeeID,
        pm.ProjectID,
        pm.ProjectName,
        STR_TO_DATE(
            NULLIF(TRIM(pm.ProjectStartDate), ''),
            '%Y-%m-%d'
        ),
        STR_TO_DATE(
            NULLIF(TRIM(pm.ProjectEndDate), ''),
            '%Y-%m-%d'
        ),
        NULL,
        pm.EmployeeRole
    FROM project_management pm
    WHERE
        COALESCE(pm.AllocationPercentage, 0) = 0

        OR LOWER(
            TRIM(
                COALESCE(pm.ProjectStatus, '')
            )
        ) <> 'in progress'

        OR (
            STR_TO_DATE(
                NULLIF(TRIM(pm.ProjectEndDate), ''),
                '%Y-%m-%d'
            ) < CURDATE()
        );

    /*
      Delete only when the corresponding history record exists.

      Matching is based on:
      EmployeeID + ProjectID + StartDate
    */
    DELETE pm
    FROM project_management pm
    WHERE
        (
            COALESCE(pm.AllocationPercentage, 0) = 0

            OR LOWER(
                TRIM(
                    COALESCE(pm.ProjectStatus, '')
                )
            ) <> 'in progress'

            OR (
                STR_TO_DATE(
                    NULLIF(TRIM(pm.ProjectEndDate), ''),
                    '%Y-%m-%d'
                ) < CURDATE()
            )
        )
        AND EXISTS (
            SELECT 1
            FROM project_history ph
            WHERE TRIM(ph.EmployeeID) = TRIM(pm.EmployeeID)
              AND TRIM(ph.ProjectID) = TRIM(pm.ProjectID)
              AND (
                    ph.StartDate = STR_TO_DATE(
                        NULLIF(TRIM(pm.ProjectStartDate), ''),
                        '%Y-%m-%d'
                    )
                    OR (
                        ph.StartDate IS NULL
                        AND NULLIF(TRIM(pm.ProjectStartDate), '') IS NULL
                    )
                  )
        );

    COMMIT;
END ;;
DELIMITER ;
/*!50003 SET sql_mode              = @saved_sql_mode */ ;
/*!50003 SET character_set_client  = @saved_cs_client */ ;
/*!50003 SET character_set_results = @saved_cs_results */ ;
/*!50003 SET collation_connection  = @saved_col_connection */ ;
/*!40103 SET TIME_ZONE=@OLD_TIME_ZONE */;

/*!40101 SET SQL_MODE=@OLD_SQL_MODE */;
/*!40014 SET FOREIGN_KEY_CHECKS=@OLD_FOREIGN_KEY_CHECKS */;
/*!40014 SET UNIQUE_CHECKS=@OLD_UNIQUE_CHECKS */;
/*!40101 SET CHARACTER_SET_CLIENT=@OLD_CHARACTER_SET_CLIENT */;
/*!40101 SET CHARACTER_SET_RESULTS=@OLD_CHARACTER_SET_RESULTS */;
/*!40101 SET COLLATION_CONNECTION=@OLD_COLLATION_CONNECTION */;
/*!40111 SET SQL_NOTES=@OLD_SQL_NOTES */;

-- Dump completed on 2026-07-24  2:49:35
